{
"meta":{"test_sets":[],"test_metrics":[],"learn_metrics":[{"best_value":"Min","name":"Logloss"}],"launch_mode":"Train","parameters":"","iteration_count":1000,"learn_sets":["learn"],"name":"experiment"},
"iterations":[
{"learn":[0.6477401911],"iteration":0,"passed_time":0.02494757998,"remaining_time":24.9226324},
{"learn":[0.6100996761],"iteration":1,"passed_time":0.05064026529,"remaining_time":25.26949238},
{"learn":[0.5763028911],"iteration":2,"passed_time":0.07155890819,"remaining_time":23.78141049},
{"learn":[0.5479420263],"iteration":3,"passed_time":0.09068470305,"remaining_time":22.58049106},
{"learn":[0.5231660037],"iteration":4,"passed_time":0.1099741674,"remaining_time":21.88485931},
{"learn":[0.5000171462],"iteration":5,"passed_time":0.1294823045,"remaining_time":21.45090177},
{"learn":[0.4799221766],"iteration":6,"passed_time":0.1492205301,"remaining_time":21.16799805},
{"learn":[0.4640359517],"iteration":7,"passed_time":0.16852863,"remaining_time":20.89755012},
{"learn":[0.4505461462],"iteration":8,"passed_time":0.1881159041,"remaining_time":20.71365122},
{"learn":[0.4377511873],"iteration":9,"passed_time":0.2131541525,"remaining_time":21.10226109},
{"learn":[0.4268876343],"iteration":10,"passed_time":0.2327067468,"remaining_time":20.92245205},
{"learn":[0.4174512024],"iteration":11,"passed_time":0.2518827808,"remaining_time":20.73834895},
{"learn":[0.4087995972],"iteration":12,"passed_time":0.2709874608,"remaining_time":20.57420183},
{"learn":[0.4013760906],"iteration":13,"passed_time":0.2886409919,"remaining_time":20.32857272},
{"learn":[0.3954132993],"iteration":14,"passed_time":0.3078822876,"remaining_time":20.21760355},
{"learn":[0.3900513697],"iteration":15,"passed_time":0.3271224319,"remaining_time":20.11802956},
{"learn":[0.3849268186],"iteration":16,"passed_time":0.3467917162,"remaining_time":20.052721},
{"learn":[0.3805917607],"iteration":17,"passed_time":0.3655972807,"remaining_time":19.94536276},
{"learn":[0.3770721145],"iteration":18,"passed_time":0.3846406076,"remaining_time":19.8596019},
{"learn":[0.3731873477],"iteration":19,"passed_time":0.4044910351,"remaining_time":19.82006072},
{"learn":[0.3700514566],"iteration":20,"passed_time":0.4293168714,"remaining_time":20.01434367},
{"learn":[0.3673684036],"iteration":21,"passed_time":0.4494769897,"remaining_time":19.98129527},
{"learn":[0.3651677514],"iteration":22,"passed_time":0.4682437686,"remaining_time":19.89018095},
{"learn":[0.3631596961],"iteration":23,"passed_time":0.4857427885,"remaining_time":19.75354006},
{"learn":[0.3612974151],"iteration":24,"passed_time":0.5048956611,"remaining_time":19.69093078},
{"learn":[0.3594067869],"iteration":25,"passed_time":0.5232984498,"remaining_time":19.60356501},
{"learn":[0.3577341909],"iteration":26,"passed_time":0.5434462141,"remaining_time":19.58419134},
{"learn":[0.3563523415],"iteration":27,"passed_time":0.5625584457,"remaining_time":19.52881462},
{"learn":[0.3551070004],"iteration":28,"passed_time":0.5827363109,"remaining_time":19.51161924},
{"learn":[0.3540852575],"iteration":29,"passed_time":0.6020251539,"remaining_time":19.46547998},
{"learn":[0.3529695029],"iteration":30,"passed_time":0.6213728395,"remaining_time":19.42291231},
{"learn":[0.3522304769],"iteration":31,"passed_time":0.6472289503,"remaining_time":19.57867575},
{"learn":[0.3514096788],"iteration":32,"passed_time":0.6664351201,"remaining_time":19.52856852},
{"learn":[0.3506572202],"iteration":33,"passed_time":0.6832011169,"remaining_time":19.41094938},
{"learn":[0.3500586773],"iteration":34,"passed_time":0.7011944653,"remaining_time":19.33293312},
{"learn":[0.3493878947],"iteration":35,"passed_time":0.7208938688,"remaining_time":19.30393582},
{"learn":[0.3486489127],"iteration":36,"passed_time":0.7402430827,"remaining_time":19.26632672},
{"learn":[0.3480901257],"iteration":37,"passed_time":0.7591807392,"remaining_time":19.21925977},
{"learn":[0.3475616618],"iteration":38,"passed_time":0.7783754719,"remaining_time":19.17996996},
{"learn":[0.3470308643],"iteration":39,"passed_time":0.7985426549,"remaining_time":19.16502372},
{"learn":[0.3465355364],"iteration":40,"passed_time":0.8183717349,"remaining_time":19.14191448},
{"learn":[0.3460917269],"iteration":41,"passed_time":0.8383767393,"remaining_time":19.1229742},
{"learn":[0.3457801692],"iteration":42,"passed_time":0.8602938871,"remaining_time":19.1465407},
{"learn":[0.3453866697],"iteration":43,"passed_time":0.8798775293,"remaining_time":19.11733905},
{"learn":[0.3450822866],"iteration":44,"passed_time":0.8979837319,"remaining_time":19.05721031},
{"learn":[0.3447566351],"iteration":45,"passed_time":0.9177834271,"remaining_time":19.03403021},
{"learn":[0.3444190054],"iteration":46,"passed_time":0.9366275816,"remaining_time":18.99161884},
{"learn":[0.3441182579],"iteration":47,"passed_time":0.9551089222,"remaining_time":18.94299362},
{"learn":[0.3437582166],"iteration":48,"passed_time":0.9754069749,"remaining_time":18.93085782},
{"learn":[0.3435297233],"iteration":49,"passed_time":0.9941015862,"remaining_time":18.88793014},
{"learn":[0.3432247464],"iteration":50,"passed_time":1.019463039,"remaining_time":18.9700083},
{"learn":[0.3429835419],"iteration":51,"passed_time":1.041177392,"remaining_time":18.98146476},
{"learn":[0.3427607873],"iteration":52,"passed_time":1.065560323,"remaining_time":19.03935144},
{"learn":[0.342519891],"iteration":53,"passed_time":1.086601354,"remaining_time":19.03564594},
{"learn":[0.3423238105],"iteration":54,"passed_time":1.10761473,"remaining_time":19.03083491},
{"learn":[0.3421697443],"iteration":55,"passed_time":1.124070967,"remaining_time":18.94862487},
{"learn":[0.341966477],"iteration":56,"passed_time":1.143909924,"remaining_time":18.92468523},
{"learn":[0.3417783306],"iteration":57,"passed_time":1.162885054,"remaining_time":18.88685726},
{"learn":[0.3415479873],"iteration":58,"passed_time":1.18258362,"remaining_time":18.86120654},
{"learn":[0.3413569578],"iteration":59,"passed_time":1.202169286,"remaining_time":18.83398548},
{"learn":[0.3411790895],"iteration":60,"passed_time":1.223365939,"remaining_time":18.83181339},
{"learn":[0.3410294074],"iteration":61,"passed_time":1.242521284,"remaining_time":18.79814458},
{"learn":[0.3408693275],"iteration":62,"passed_time":1.260894179,"remaining_time":18.75329913},
{"learn":[0.3407345968],"iteration":63,"passed_time":1.281665443,"remaining_time":18.7443571},
{"learn":[0.3406401228],"iteration":64,"passed_time":1.300474233,"remaining_time":18.70682166},
{"learn":[0.3404908058],"iteration":65,"passed_time":1.320344916,"remaining_time":18.68488108},
{"learn":[0.3403392115],"iteration":66,"passed_time":1.339562049,"remaining_time":18.65390137},
{"learn":[0.3401791922],"iteration":67,"passed_time":1.359473443,"remaining_time":18.63278307},
{"learn":[0.3400038915],"iteration":68,"passed_time":1.37801159,"remaining_time":18.59317087},
{"learn":[0.3398282884],"iteration":69,"passed_time":1.398257262,"remaining_time":18.57684648},
{"learn":[0.3397206625],"iteration":70,"passed_time":1.416813731,"remaining_time":18.53830924},
{"learn":[0.3395764876],"iteration":71,"passed_time":1.435333897,"remaining_time":18.49985912},
{"learn":[0.3393867045],"iteration":72,"passed_time":1.454955059,"remaining_time":18.47593616},
{"learn":[0.339215579],"iteration":73,"passed_time":1.473716092,"remaining_time":18.44136624},
{"learn":[0.3390683184],"iteration":74,"passed_time":1.495780766,"remaining_time":18.44796278},
{"learn":[0.3389074693],"iteration":75,"passed_time":1.516135158,"remaining_time":18.43301165},
{"learn":[0.3388032593],"iteration":76,"passed_time":1.534165288,"remaining_time":18.39005924},
{"learn":[0.3387066794],"iteration":77,"passed_time":1.553518433,"remaining_time":18.36338456},
{"learn":[0.338589148],"iteration":78,"passed_time":1.572425644,"remaining_time":18.33169644},
{"learn":[0.3384502865],"iteration":79,"passed_time":1.590772535,"remaining_time":18.29388415},
{"learn":[0.3383300069],"iteration":80,"passed_time":1.610064247,"remaining_time":18.26727213},
{"learn":[0.3382314614],"iteration":81,"passed_time":1.628612222,"remaining_time":18.23251243},
{"learn":[0.3381228282],"iteration":82,"passed_time":1.646895739,"remaining_time":18.19522159},
{"learn":[0.3380185966],"iteration":83,"passed_time":1.665743798,"remaining_time":18.16453951},
{"learn":[0.3378901032],"iteration":84,"passed_time":1.68472152,"remaining_time":18.13553165},
{"learn":[0.3378193938],"iteration":85,"passed_time":1.706831822,"remaining_time":18.14004983},
{"learn":[0.3377002548],"iteration":86,"passed_time":1.725388969,"remaining_time":18.10666815},
{"learn":[0.3375704607],"iteration":87,"passed_time":1.743529552,"remaining_time":18.06930627},
{"learn":[0.3374556019],"iteration":88,"passed_time":1.762622115,"remaining_time":18.04212075},
{"learn":[0.3373374888],"iteration":89,"passed_time":1.781733242,"remaining_time":18.01530278},
{"learn":[0.3372684656],"iteration":90,"passed_time":1.8006398,"remaining_time":17.98661075},
{"learn":[0.3371729428],"iteration":91,"passed_time":1.819952688,"remaining_time":17.96214175},
{"learn":[0.3370747279],"iteration":92,"passed_time":1.838504664,"remaining_time":17.93036269},
{"learn":[0.3369547128],"iteration":93,"passed_time":1.857076227,"remaining_time":17.89905385},
{"learn":[0.3369033104],"iteration":94,"passed_time":1.875027197,"remaining_time":17.86210119},
{"learn":[0.3368272756],"iteration":95,"passed_time":1.89318401,"remaining_time":17.82748276},
{"learn":[0.3367303991],"iteration":96,"passed_time":1.914393968,"remaining_time":17.82162632},
{"learn":[0.33664267],"iteration":97,"passed_time":1.933402981,"remaining_time":17.79519886},
{"learn":[0.3365615],"iteration":98,"passed_time":1.953313834,"remaining_time":17.77712893},
{"learn":[0.3364790398],"iteration":99,"passed_time":1.972150908,"remaining_time":17.74935817},
{"learn":[0.3363632205],"iteration":100,"passed_time":1.992024354,"remaining_time":17.73098905},
{"learn":[0.3363251388],"iteration":101,"passed_time":2.022561101,"remaining_time":17.8064693},
{"learn":[0.3362550709],"iteration":102,"passed_time":2.049897797,"remaining_time":17.85202256},
{"learn":[0.3361787817],"iteration":103,"passed_time":2.079720604,"remaining_time":17.91759289},
{"learn":[0.3361269284],"iteration":104,"passed_time":2.110219938,"remaining_time":17.98711281},
{"learn":[0.3360347695],"iteration":105,"passed_time":2.144750682,"remaining_time":18.08874632},
{"learn":[0.3359661613],"iteration":106,"passed_time":2.172004079,"remaining_time":18.12709946},
{"learn":[0.335879348],"iteration":107,"passed_time":2.19121138,"remaining_time":18.09778288},
{"learn":[0.3358190417],"iteration":108,"passed_time":2.20895986,"remaining_time":18.05672693},
{"learn":[0.3357028567],"iteration":109,"passed_time":2.236667348,"remaining_time":18.09667218},
{"learn":[0.3356559273],"iteration":110,"passed_time":2.266895695,"remaining_time":18.15558805},
{"learn":[0.3355522115],"iteration":111,"passed_time":2.294188783,"remaining_time":18.18963964},
{"learn":[0.3354670838],"iteration":112,"passed_time":2.326446592,"remaining_time":18.26157634},
{"learn":[0.335424674],"iteration":113,"passed_time":2.354622816,"remaining_time":18.29996329},
{"learn":[0.3353482969],"iteration":114,"passed_time":2.393569522,"remaining_time":18.4200785},
{"learn":[0.3353116513],"iteration":115,"passed_time":2.418540117,"remaining_time":18.43094365},
{"learn":[0.3352434976],"iteration":116,"passed_time":2.444108133,"remaining_time":18.44570497},
{"learn":[0.3351577512],"iteration":117,"passed_time":2.470674175,"remaining_time":18.46724256},
{"learn":[0.3351203527],"iteration":118,"passed_time":2.496293996,"remaining_time":18.48096648},
{"learn":[0.3350433723],"iteration":119,"passed_time":2.521997433,"remaining_time":18.49464784},
{"learn":[0.3349662374],"iteration":120,"passed_time":2.562829969,"remaining_time":18.617583},
{"learn":[0.3348622823],"iteration":121,"passed_time":2.592202168,"remaining_time":18.65535658},
{"learn":[0.3347406719],"iteration":122,"passed_time":2.622760235,"remaining_time":18.70049371},
{"learn":[0.334671367],"iteration":123,"passed_time":2.648624791,"remaining_time":18.71125256},
{"learn":[0.3345839751],"iteration":124,"passed_time":2.675065484,"remaining_time":18.72545839},
{"learn":[0.3344687237],"iteration":125,"passed_time":2.701687145,"remaining_time":18.74027432},
{"learn":[0.3343853343],"iteration":126,"passed_time":2.727314937,"remaining_time":18.74760583},
{"learn":[0.3343121892],"iteration":127,"passed_time":2.753814362,"remaining_time":18.76036034},
{"learn":[0.3342297097],"iteration":128,"passed_time":2.784199906,"remaining_time":18.7987451},
{"learn":[0.3341477398],"iteration":129,"passed_time":2.811366532,"remaining_time":18.81452987},
{"learn":[0.334096103],"iteration":130,"passed_time":2.838394497,"remaining_time":18.82873907},
{"learn":[0.3340393986],"iteration":131,"passed_time":2.863397599,"remaining_time":18.82900846},
{"learn":[0.333984917],"iteration":132,"passed_time":2.889432594,"remaining_time":18.83562451},
{"learn":[0.3339265985],"iteration":133,"passed_time":2.915300806,"remaining_time":18.84067536},
{"learn":[0.3338441092],"iteration":134,"passed_time":2.941945986,"remaining_time":18.85024651},
{"learn":[0.3337906523],"iteration":135,"passed_time":2.967672022,"remaining_time":18.85344579},
{"learn":[0.3337174874],"iteration":136,"passed_time":2.995257932,"remaining_time":18.86793865},
{"learn":[0.3336306168],"iteration":137,"passed_time":3.028123088,"remaining_time":18.91479784},
{"learn":[0.3335604957],"iteration":138,"passed_time":3.055538241,"remaining_time":18.92675126},
{"learn":[0.333519945],"iteration":139,"passed_time":3.079690464,"remaining_time":18.91809857},
{"learn":[0.3334460649],"iteration":140,"passed_time":3.105694571,"remaining_time":18.92050806},
{"learn":[0.3334061822],"iteration":141,"passed_time":3.132002351,"remaining_time":18.92435223},
{"learn":[0.3333505007],"iteration":142,"passed_time":3.157199003,"remaining_time":18.9211157},
{"learn":[0.3332762053],"iteration":143,"passed_time":3.182612775,"remaining_time":18.91886483},
{"learn":[0.3331941171],"iteration":144,"passed_time":3.214034877,"remaining_time":18.9517229},
{"learn":[0.3331445368],"iteration":145,"passed_time":3.239505671,"remaining_time":18.94888933},
{"learn":[0.3331077172],"iteration":146,"passed_time":3.264795148,"remaining_time":18.94469566},
{"learn":[0.3330218859],"iteration":147,"passed_time":3.296435139,"remaining_time":18.97677526},
{"learn":[0.3329420784],"iteration":148,"passed_time":3.315742138,"remaining_time":18.9375608},
{"learn":[0.3328959335],"iteration":149,"passed_time":3.334229837,"remaining_time":18.89396908},
{"learn":[0.3328268312],"iteration":150,"passed_time":3.35352828,"remaining_time":18.85526828},
{"learn":[0.3327194033],"iteration":151,"passed_time":3.373562843,"remaining_time":18.82092954},
{"learn":[0.3326735487],"iteration":152,"passed_time":3.391416695,"remaining_time":18.77470549},
{"learn":[0.3325960894],"iteration":153,"passed_time":3.409834911,"remaining_time":18.73195023},
{"learn":[0.3325615877],"iteration":154,"passed_time":3.430926034,"remaining_time":18.70408064},
{"learn":[0.3324870948],"iteration":155,"passed_time":3.450153373,"remaining_time":18.6662144},
{"learn":[0.3324098304],"iteration":156,"passed_time":3.468337856,"remaining_time":18.62298607},
{"learn":[0.3323525965],"iteration":157,"passed_time":3.48682322,"remaining_time":18.58167817},
{"learn":[0.332282104],"iteration":158,"passed_time":3.505181922,"remaining_time":18.5399874},
{"learn":[0.332222198],"iteration":159,"passed_time":3.523696458,"remaining_time":18.4994064},
{"learn":[0.33218124],"iteration":160,"passed_time":3.541142485,"remaining_time":18.45353133},
{"learn":[0.332121589],"iteration":161,"passed_time":3.560177037,"remaining_time":18.41622442},
{"learn":[0.332079395],"iteration":162,"passed_time":3.578238216,"remaining_time":18.37414348},
{"learn":[0.3320112254],"iteration":163,"passed_time":3.596978439,"remaining_time":18.33581692},
{"learn":[0.3319297756],"iteration":164,"passed_time":3.615392738,"remaining_time":18.2960784},
{"learn":[0.3318246063],"iteration":165,"passed_time":3.637676498,"remaining_time":18.27603734},
{"learn":[0.3317590847],"iteration":166,"passed_time":3.657104649,"remaining_time":18.24172558},
{"learn":[0.3317126831],"iteration":167,"passed_time":3.675178904,"remaining_time":18.200886},
{"learn":[0.3316278544],"iteration":168,"passed_time":3.694311995,"remaining_time":18.1655223},
{"learn":[0.3315321976],"iteration":169,"passed_time":3.713818297,"remaining_time":18.13217168},
{"learn":[0.3314588414],"iteration":170,"passed_time":3.733088323,"remaining_time":18.09783754},
{"learn":[0.3313785166],"iteration":171,"passed_time":3.75145498,"remaining_time":18.05932979},
{"learn":[0.3313147051],"iteration":172,"passed_time":3.77079299,"remaining_time":18.02569828},
{"learn":[0.3312621896],"iteration":173,"passed_time":3.789231007,"remaining_time":17.98795869},
{"learn":[0.3312134589],"iteration":174,"passed_time":3.807492035,"remaining_time":17.94960531},
{"learn":[0.3311713929],"iteration":175,"passed_time":3.825316637,"remaining_time":17.90943698},
{"learn":[0.3311170654],"iteration":176,"passed_time":3.847303287,"remaining_time":17.88887348},
{"learn":[0.3310472949],"iteration":177,"passed_time":3.866398705,"remaining_time":17.85494233},
{"learn":[0.330970951],"iteration":178,"passed_time":3.886234315,"remaining_time":17.82457191},
{"learn":[0.3309114099],"iteration":179,"passed_time":3.904843256,"remaining_time":17.78873039},
{"learn":[0.3308387277],"iteration":180,"passed_time":3.922803236,"remaining_time":17.75014282},
{"learn":[0.3307892318],"iteration":181,"passed_time":3.941557499,"remaining_time":17.71535184},
{"learn":[0.3307371831],"iteration":182,"passed_time":3.959370534,"remaining_time":17.67653402},
{"learn":[0.3306434336],"iteration":183,"passed_time":3.97834654,"remaining_time":17.64310205},
{"learn":[0.3305660889],"iteration":184,"passed_time":4.000028708,"remaining_time":17.62174809},
{"learn":[0.3305063455],"iteration":185,"passed_time":4.018438398,"remaining_time":17.58606912},
{"learn":[0.3304311811],"iteration":186,"passed_time":4.037141491,"remaining_time":17.55185044},
{"learn":[0.3303899542],"iteration":187,"passed_time":4.058748134,"remaining_time":17.53033769},
{"learn":[0.3303098066],"iteration":188,"passed_time":4.077705908,"remaining_time":17.49745763},
{"learn":[0.3302508748],"iteration":189,"passed_time":4.09599566,"remaining_time":17.46187623},
{"learn":[0.3301800891],"iteration":190,"passed_time":4.114236946,"remaining_time":17.42627062},
{"learn":[0.3301131974],"iteration":191,"passed_time":4.133770899,"remaining_time":17.39628587},
{"learn":[0.3300804442],"iteration":192,"passed_time":4.151271276,"remaining_time":17.35790632},
{"learn":[0.3300295771],"iteration":193,"passed_time":4.170809669,"remaining_time":17.32820924},
{"learn":[0.3299845372],"iteration":194,"passed_time":4.189520378,"remaining_time":17.29519951},
{"learn":[0.329930491],"iteration":195,"passed_time":4.208098964,"remaining_time":17.26179371},
{"learn":[0.3298957831],"iteration":196,"passed_time":4.225810109,"remaining_time":17.22500263},
{"learn":[0.3298240651],"iteration":197,"passed_time":4.244281442,"remaining_time":17.19148342},
{"learn":[0.3297759975],"iteration":198,"passed_time":4.267576226,"remaining_time":17.17753044},
{"learn":[0.3297097925],"iteration":199,"passed_time":4.289308618,"remaining_time":17.15723447},
{"learn":[0.3296310704],"iteration":200,"passed_time":4.30810482,"remaining_time":17.12525249},
{"learn":[0.3295571953],"iteration":201,"passed_time":4.327021581,"remaining_time":17.09387733},
{"learn":[0.3295060546],"iteration":202,"passed_time":4.345916779,"remaining_time":17.06254026},
{"learn":[0.3294383756],"iteration":203,"passed_time":4.364177929,"remaining_time":17.02885113},
{"learn":[0.329379764],"iteration":204,"passed_time":4.382909839,"remaining_time":16.99713815},
{"learn":[0.3293261607],"iteration":205,"passed_time":4.401564736,"remaining_time":16.96525437},
{"learn":[0.3292539823],"iteration":206,"passed_time":4.420462863,"remaining_time":16.93443019},
{"learn":[0.3291715839],"iteration":207,"passed_time":4.439933634,"remaining_time":16.90590114},
{"learn":[0.3290937925],"iteration":208,"passed_time":4.458528757,"remaining_time":16.87414472},
{"learn":[0.3290180647],"iteration":209,"passed_time":4.481052874,"remaining_time":16.85729414},
{"learn":[0.328939828],"iteration":210,"passed_time":4.500469405,"remaining_time":16.82876948},
{"learn":[0.3289036599],"iteration":211,"passed_time":4.518860377,"remaining_time":16.79651876},
{"learn":[0.3288343037],"iteration":212,"passed_time":4.537412262,"remaining_time":16.76499273},
{"learn":[0.328776888],"iteration":213,"passed_time":4.556468825,"remaining_time":16.73544157},
{"learn":[0.3287132393],"iteration":214,"passed_time":4.574971161,"remaining_time":16.70396447},
{"learn":[0.3286437961],"iteration":215,"passed_time":4.593429977,"remaining_time":16.67244955},
{"learn":[0.3285673306],"iteration":216,"passed_time":4.612376773,"remaining_time":16.64281573},
{"learn":[0.3285049139],"iteration":217,"passed_time":4.630964572,"remaining_time":16.61199218},
{"learn":[0.3284318926],"iteration":218,"passed_time":4.64995358,"remaining_time":16.58271117},
{"learn":[0.3283762246],"iteration":219,"passed_time":4.668496089,"remaining_time":16.55194068},
{"learn":[0.3283127056],"iteration":220,"passed_time":4.690188173,"remaining_time":16.53238274},
{"learn":[0.3282296231],"iteration":221,"passed_time":4.709616209,"remaining_time":16.50487122},
{"learn":[0.3281462991],"iteration":222,"passed_time":4.728083952,"remaining_time":16.47408624},
{"learn":[0.3280731225],"iteration":223,"passed_time":4.746790854,"remaining_time":16.44423975},
{"learn":[0.3280281713],"iteration":224,"passed_time":4.765392349,"remaining_time":16.4141292},
{"learn":[0.3279898472],"iteration":225,"passed_time":4.783507083,"remaining_time":16.38245346},
{"learn":[0.3279258717],"iteration":226,"passed_time":4.802341781,"remaining_time":16.35334888},
{"learn":[0.3278499202],"iteration":227,"passed_time":4.82132186,"remaining_time":16.32482665},
{"learn":[0.3277766149],"iteration":228,"passed_time":4.840099823,"remaining_time":16.29570726},
{"learn":[0.3277408019],"iteration":229,"passed_time":4.8578055,"remaining_time":16.26308798},
{"learn":[0.3276582138],"iteration":230,"passed_time":4.876874589,"remaining_time":16.23513662},
{"learn":[0.3275996081],"iteration":231,"passed_time":4.898312095,"remaining_time":16.21510211},
{"learn":[0.3275223412],"iteration":232,"passed_time":4.918619184,"remaining_time":16.1913344},
{"learn":[0.3274459446],"iteration":233,"passed_time":4.937216054,"remaining_time":16.16199785},
{"learn":[0.3273731827],"iteration":234,"passed_time":4.956407464,"remaining_time":16.13468813},
{"learn":[0.3273362207],"iteration":235,"passed_time":4.973759289,"remaining_time":16.10149193},
{"learn":[0.3272545068],"iteration":236,"passed_time":4.993718712,"remaining_time":16.07682438},
{"learn":[0.3271931305],"iteration":237,"passed_time":5.012163857,"remaining_time":16.04734815},
{"learn":[0.3270953898],"iteration":238,"passed_time":5.030606021,"remaining_time":16.01795474},
{"learn":[0.3270480446],"iteration":239,"passed_time":5.048659878,"remaining_time":15.98742295},
{"learn":[0.326977791],"iteration":240,"passed_time":5.067879622,"remaining_time":15.96066653},
{"learn":[0.3269302662],"iteration":241,"passed_time":5.085809271,"remaining_time":15.92993152},
{"learn":[0.3268358788],"iteration":242,"passed_time":5.110889877,"remaining_time":15.92157875},
{"learn":[0.3267809812],"iteration":243,"passed_time":5.146417934,"remaining_time":15.94545885},
{"learn":[0.3267204584],"iteration":244,"passed_time":5.171140389,"remaining_time":15.93555508},
{"learn":[0.3266730292],"iteration":245,"passed_time":5.191225907,"remaining_time":15.91131843},
{"learn":[0.3266155474],"iteration":246,"passed_time":5.210159255,"remaining_time":15.88360291},
{"learn":[0.3265629658],"iteration":247,"passed_time":5.228570407,"remaining_time":15.85437478},
{"learn":[0.3265023094],"iteration":248,"passed_time":5.247386616,"remaining_time":15.82645521},
{"learn":[0.3264972597],"iteration":249,"passed_time":5.262228429,"remaining_time":15.78668529},
{"learn":[0.3264437338],"iteration":250,"passed_time":5.280874522,"remaining_time":15.7584662},
{"learn":[0.3263814099],"iteration":251,"passed_time":5.29990084,"remaining_time":15.7314517},
{"learn":[0.3263129273],"iteration":252,"passed_time":5.321538473,"remaining_time":15.71221043},
{"learn":[0.3262434955],"iteration":253,"passed_time":5.340825213,"remaining_time":15.6860457},
{"learn":[0.3261740052],"iteration":254,"passed_time":5.35993755,"remaining_time":15.65942539},
{"learn":[0.3261326673],"iteration":255,"passed_time":5.378012308,"remaining_time":15.62984827},
{"learn":[0.3260430137],"iteration":256,"passed_time":5.397756732,"remaining_time":15.60518775},
{"learn":[0.3260018568],"iteration":257,"passed_time":5.415701945,"remaining_time":15.57539086},
{"learn":[0.3259518505],"iteration":258,"passed_time":5.434656787,"remaining_time":15.54857405},
{"learn":[0.3259033951],"iteration":259,"passed_time":5.453902816,"remaining_time":15.52264648},
{"learn":[0.325851306],"iteration":260,"passed_time":5.472803552,"remaining_time":15.49579243},
{"learn":[0.3258171913],"iteration":261,"passed_time":5.490238543,"remaining_time":15.4648704},
{"learn":[0.3257368634],"iteration":262,"passed_time":5.510432506,"remaining_time":15.44178235},
{"learn":[0.3256869492],"iteration":263,"passed_time":5.533925095,"remaining_time":15.42791239},
{"learn":[0.325627768],"iteration":264,"passed_time":5.553267663,"remaining_time":15.40245937},
{"learn":[0.3255724433],"iteration":265,"passed_time":5.571874173,"remaining_time":15.37502121},
{"learn":[0.3254946811],"iteration":266,"passed_time":5.591295267,"remaining_time":15.34988551},
{"learn":[0.3254341042],"iteration":267,"passed_time":5.609728035,"remaining_time":15.32209299},
{"learn":[0.3254294],"iteration":268,"passed_time":5.62382663,"remaining_time":15.28259207},
{"learn":[0.3253448557],"iteration":269,"passed_time":5.643024774,"remaining_time":15.25706698},
{"learn":[0.3252822362],"iteration":270,"passed_time":5.661412755,"remaining_time":15.22940922},
{"learn":[0.3252294472],"iteration":271,"passed_time":5.679742387,"remaining_time":15.20166345},
{"learn":[0.3251728628],"iteration":272,"passed_time":5.698788679,"remaining_time":15.17589513},
{"learn":[0.3251437974],"iteration":273,"passed_time":5.716388402,"remaining_time":15.14634299},
{"learn":[0.3250984938],"iteration":274,"passed_time":5.737020179,"remaining_time":15.12487138},
{"learn":[0.3250452289],"iteration":275,"passed_time":5.756885116,"remaining_time":15.10139429},
{"learn":[0.324977145],"iteration":276,"passed_time":5.776292319,"remaining_time":15.07674854},
{"learn":[0.3249108128],"iteration":277,"passed_time":5.794584418,"remaining_time":15.04924442},
{"learn":[0.3248605505],"iteration":278,"passed_time":5.812936708,"remaining_time":15.02196189},
{"learn":[0.32480731],"iteration":279,"passed_time":5.831165172,"remaining_time":14.99442473},
{"learn":[0.3247417761],"iteration":280,"passed_time":5.850632053,"remaining_time":14.97012259},
{"learn":[0.324713568],"iteration":281,"passed_time":5.868129306,"remaining_time":14.94083987},
{"learn":[0.3246391436],"iteration":282,"passed_time":5.887376855,"remaining_time":14.91607493},
{"learn":[0.3245744093],"iteration":283,"passed_time":5.905784979,"remaining_time":14.88923255},
{"learn":[0.3244974732],"iteration":284,"passed_time":5.923956918,"remaining_time":14.86185683},
{"learn":[0.3244227821],"iteration":285,"passed_time":5.945874204,"remaining_time":14.84389574},
{"learn":[0.3243623165],"iteration":286,"passed_time":5.963524641,"remaining_time":14.81530686},
{"learn":[0.324320206],"iteration":287,"passed_time":5.981840969,"remaining_time":14.78844017},
{"learn":[0.3242697529],"iteration":288,"passed_time":5.999971457,"remaining_time":14.76117545},
{"learn":[0.3242655538],"iteration":289,"passed_time":6.014272511,"remaining_time":14.72459822},
{"learn":[0.3242154454],"iteration":290,"passed_time":6.032880241,"remaining_time":14.69866698},
{"learn":[0.3241387673],"iteration":291,"passed_time":6.052273587,"remaining_time":14.67469075},
{"learn":[0.3240684844],"iteration":292,"passed_time":6.071386508,"remaining_time":14.65006915},
{"learn":[0.3240411898],"iteration":293,"passed_time":6.089541052,"remaining_time":14.62318361},
{"learn":[0.3239804565],"iteration":294,"passed_time":6.109424228,"remaining_time":14.60048841},
{"learn":[0.3239414872],"iteration":295,"passed_time":6.127853219,"remaining_time":14.5743536},
{"learn":[0.3238679121],"iteration":296,"passed_time":6.148720994,"remaining_time":14.5540433},
{"learn":[0.3237952687],"iteration":297,"passed_time":6.168361383,"remaining_time":14.53083789},
{"learn":[0.3237411154],"iteration":298,"passed_time":6.187525687,"remaining_time":14.50654016},
{"learn":[0.3237374354],"iteration":299,"passed_time":6.201495983,"remaining_time":14.47015729},
{"learn":[0.3236803173],"iteration":300,"passed_time":6.220309258,"remaining_time":14.44517},
{"learn":[0.3235999215],"iteration":301,"passed_time":6.239957508,"remaining_time":14.42215345},
{"learn":[0.3235326247],"iteration":302,"passed_time":6.258296108,"remaining_time":14.39614649},
{"learn":[0.3234710343],"iteration":303,"passed_time":6.276590877,"remaining_time":14.37008964},
{"learn":[0.3234237357],"iteration":304,"passed_time":6.295585788,"remaining_time":14.34567909},
{"learn":[0.3233584193],"iteration":305,"passed_time":6.31424697,"remaining_time":14.32054705},
{"learn":[0.3233068472],"iteration":306,"passed_time":6.332719339,"remaining_time":14.29503095},
{"learn":[0.3232424825],"iteration":307,"passed_time":6.354237762,"remaining_time":14.27640432},
{"learn":[0.3232044473],"iteration":308,"passed_time":6.37282344,"remaining_time":14.25120064},
{"learn":[0.3231566487],"iteration":309,"passed_time":6.39188367,"remaining_time":14.22709591},
{"learn":[0.3230824521],"iteration":310,"passed_time":6.41029442,"remaining_time":14.20158474},
{"learn":[0.3230143505],"iteration":311,"passed_time":6.429807012,"remaining_time":14.1785488},
{"learn":[0.3229638635],"iteration":312,"passed_time":6.448755929,"remaining_time":14.15429816},
{"learn":[0.3229214286],"iteration":313,"passed_time":6.468494167,"remaining_time":14.13180573},
{"learn":[0.3228656721],"iteration":314,"passed_time":6.487534496,"remaining_time":14.10781311},
{"learn":[0.3228069727],"iteration":315,"passed_time":6.507615972,"remaining_time":14.08610546},
{"learn":[0.3227252893],"iteration":316,"passed_time":6.52704748,"remaining_time":14.06300766},
{"learn":[0.322672032],"iteration":317,"passed_time":6.545562584,"remaining_time":14.03796755},
{"learn":[0.3226687507],"iteration":318,"passed_time":6.56396625,"remaining_time":14.01273046},
{"learn":[0.3226068791],"iteration":319,"passed_time":6.583917875,"remaining_time":13.99082549},
{"learn":[0.3225466156],"iteration":320,"passed_time":6.602931438,"remaining_time":13.96694843},
{"learn":[0.3224896396],"iteration":321,"passed_time":6.622129735,"remaining_time":13.94349056},
{"learn":[0.3224446896],"iteration":322,"passed_time":6.640200868,"remaining_time":13.91769656},
{"learn":[0.3224418097],"iteration":323,"passed_time":6.654376246,"remaining_time":13.88382204},
{"learn":[0.3223930411],"iteration":324,"passed_time":6.67252065,"remaining_time":13.85831212},
{"learn":[0.3223486],"iteration":325,"passed_time":6.690665957,"remaining_time":13.83284925},
{"learn":[0.3222920974],"iteration":326,"passed_time":6.709184596,"remaining_time":13.80819949},
{"learn":[0.3222551591],"iteration":327,"passed_time":6.727166807,"remaining_time":13.78248809},
{"learn":[0.3221977883],"iteration":328,"passed_time":6.746634795,"remaining_time":13.75985394},
{"learn":[0.3221520454],"iteration":329,"passed_time":6.769802162,"remaining_time":13.74474984},
{"learn":[0.3220993995],"iteration":330,"passed_time":6.788929442,"remaining_time":13.72143141},
{"learn":[0.3220611084],"iteration":331,"passed_time":6.807047125,"remaining_time":13.69610687},
{"learn":[0.3220584386],"iteration":332,"passed_time":6.821543382,"remaining_time":13.66357188},
{"learn":[0.3220047745],"iteration":333,"passed_time":6.839975859,"remaining_time":13.63899378},
{"learn":[0.3219427535],"iteration":334,"passed_time":6.858222707,"remaining_time":13.61408388},
{"learn":[0.321894987],"iteration":335,"passed_time":6.87672511,"remaining_time":13.58971867},
{"learn":[0.321846727],"iteration":336,"passed_time":6.895232769,"remaining_time":13.56539859},
{"learn":[0.3217706843],"iteration":337,"passed_time":6.914641532,"remaining_time":13.54287779},
{"learn":[0.3216965071],"iteration":338,"passed_time":6.933558105,"remaining_time":13.51941566},
{"learn":[0.3216457519],"iteration":339,"passed_time":6.952516525,"remaining_time":13.49606149},
{"learn":[0.3215831452],"iteration":340,"passed_time":6.975381873,"remaining_time":13.48028344},
{"learn":[0.3215215339],"iteration":341,"passed_time":6.994807751,"remaining_time":13.45784649},
{"learn":[0.3214605193],"iteration":342,"passed_time":7.013346477,"remaining_time":13.4337278},
{"learn":[0.321381019],"iteration":343,"passed_time":7.032037482,"remaining_time":13.40993194},
{"learn":[0.3213271377],"iteration":344,"passed_time":7.050821365,"remaining_time":13.38634201},
{"learn":[0.3212687591],"iteration":345,"passed_time":7.06983461,"remaining_time":13.3632134},
{"learn":[0.3212208225],"iteration":346,"passed_time":7.088891925,"remaining_time":13.34019143},
{"learn":[0.3211360048],"iteration":347,"passed_time":7.107163695,"remaining_time":13.31572049},
{"learn":[0.3210710047],"iteration":348,"passed_time":7.126400443,"remaining_time":13.29308507},
{"learn":[0.3210143337],"iteration":349,"passed_time":7.145254759,"remaining_time":13.26975884},
{"learn":[0.3209767405],"iteration":350,"passed_time":7.164374966,"remaining_time":13.24694972},
{"learn":[0.320951388],"iteration":351,"passed_time":7.185474788,"remaining_time":13.22780586},
{"learn":[0.3208705005],"iteration":352,"passed_time":7.204708812,"remaining_time":13.20523117},
{"learn":[0.3208259935],"iteration":353,"passed_time":7.223092116,"remaining_time":13.1811229},
{"learn":[0.3207662369],"iteration":354,"passed_time":7.241559825,"remaining_time":13.15720025},
{"learn":[0.3207236421],"iteration":355,"passed_time":7.259655657,"remaining_time":13.13263551},
{"learn":[0.3206573435],"iteration":356,"passed_time":7.278763259,"remaining_time":13.10992934},
{"learn":[0.3205934515],"iteration":357,"passed_time":7.29779139,"remaining_time":13.08710076},
{"learn":[0.3205407721],"iteration":358,"passed_time":7.315797803,"remaining_time":13.06246906},
{"learn":[0.3205013211],"iteration":359,"passed_time":7.333505859,"remaining_time":13.03734375},
{"learn":[0.3204870659],"iteration":360,"passed_time":7.351129998,"remaining_time":13.01211099},
{"learn":[0.3204407539],"iteration":361,"passed_time":7.369087256,"remaining_time":12.98750737},
{"learn":[0.3203828354],"iteration":362,"passed_time":7.390108753,"remaining_time":12.96831756},
{"learn":[0.3203351554],"iteration":363,"passed_time":7.408482029,"remaining_time":12.94449058},
{"learn":[0.3202891788],"iteration":364,"passed_time":7.426362924,"remaining_time":12.91983687},
{"learn":[0.3202532416],"iteration":365,"passed_time":7.444537918,"remaining_time":12.89572962},
{"learn":[0.3202202759],"iteration":366,"passed_time":7.462470771,"remaining_time":12.87123705},
{"learn":[0.3201966948],"iteration":367,"passed_time":7.47957572,"remaining_time":12.8453583},
{"learn":[0.3201160289],"iteration":368,"passed_time":7.498180729,"remaining_time":12.82209225},
{"learn":[0.3200712624],"iteration":369,"passed_time":7.517133893,"remaining_time":12.7994442},
{"learn":[0.3200338562],"iteration":370,"passed_time":7.53513649,"remaining_time":12.77520445},
{"learn":[0.320023441],"iteration":371,"passed_time":7.552247209,"remaining_time":12.7494926},
{"learn":[0.3199825176],"iteration":372,"passed_time":7.570974826,"remaining_time":12.72654481},
{"learn":[0.3199362938],"iteration":373,"passed_time":7.589962414,"remaining_time":12.70405474},
{"learn":[0.3199000417],"iteration":374,"passed_time":7.610907658,"remaining_time":12.6848461},
{"learn":[0.3198168639],"iteration":375,"passed_time":7.630832273,"remaining_time":12.66393441},
{"learn":[0.3197609117],"iteration":376,"passed_time":7.703125168,"remaining_time":12.72956759},
{"learn":[0.3197056026],"iteration":377,"passed_time":7.737618977,"remaining_time":12.7322725},
{"learn":[0.3196600356],"iteration":378,"passed_time":7.772471461,"remaining_time":12.7353688},
{"learn":[0.3196061349],"iteration":379,"passed_time":7.808243279,"remaining_time":12.73976535},
{"learn":[0.3195273019],"iteration":380,"passed_time":7.8343585,"remaining_time":12.72826224},
{"learn":[0.3194605767],"iteration":381,"passed_time":7.860470495,"remaining_time":12.7166774},
{"learn":[0.3194037045],"iteration":382,"passed_time":7.886521501,"remaining_time":12.70491845},
{"learn":[0.31935285],"iteration":383,"passed_time":7.911530697,"remaining_time":12.69141383},
{"learn":[0.3192846324],"iteration":384,"passed_time":7.936824057,"remaining_time":12.67830336},
{"learn":[0.3192435018],"iteration":385,"passed_time":7.962352644,"remaining_time":12.66550395},
{"learn":[0.3191857913],"iteration":386,"passed_time":7.987970108,"remaining_time":12.65277953},
{"learn":[0.3191148863],"iteration":387,"passed_time":8.017658238,"remaining_time":12.64640939},
{"learn":[0.3190503494],"iteration":388,"passed_time":8.04478541,"remaining_time":12.63589688},
{"learn":[0.3189806261],"iteration":389,"passed_time":8.072248179,"remaining_time":12.62582407},
{"learn":[0.3189270905],"iteration":390,"passed_time":8.098041706,"remaining_time":12.6130624},
{"learn":[0.3188752605],"iteration":391,"passed_time":8.123536912,"remaining_time":12.59977154},
{"learn":[0.3188605883],"iteration":392,"passed_time":8.147621891,"remaining_time":12.58424043},
{"learn":[0.3187964838],"iteration":393,"passed_time":8.174224292,"remaining_time":12.57253787},
{"learn":[0.3187358691],"iteration":394,"passed_time":8.201222202,"remaining_time":12.56136565},
{"learn":[0.3187035455],"iteration":395,"passed_time":8.229821676,"remaining_time":12.55255629},
{"learn":[0.318657119],"iteration":396,"passed_time":8.259151129,"remaining_time":12.544756},
{"learn":[0.3186261474],"iteration":397,"passed_time":8.281906506,"remaining_time":12.52690381},
{"learn":[0.3185704843],"iteration":398,"passed_time":8.301566784,"remaining_time":12.504365},
{"learn":[0.3185240958],"iteration":399,"passed_time":8.320602224,"remaining_time":12.48090334},
{"learn":[0.3184704118],"iteration":400,"passed_time":8.340024061,"remaining_time":12.45804093},
{"learn":[0.3184013021],"iteration":401,"passed_time":8.358393538,"remaining_time":12.43363019},
{"learn":[0.3183637721],"iteration":402,"passed_time":8.377171082,"remaining_time":12.40985394},
{"learn":[0.3183144975],"iteration":403,"passed_time":8.396452675,"remaining_time":12.38684603},
{"learn":[0.3182706937],"iteration":404,"passed_time":8.414637982,"remaining_time":12.36224592},
{"learn":[0.3182334283],"iteration":405,"passed_time":8.438941487,"remaining_time":12.34662868},
{"learn":[0.3181782945],"iteration":406,"passed_time":8.458553839,"remaining_time":12.32413373},
{"learn":[0.3181383149],"iteration":407,"passed_time":8.476822671,"remaining_time":12.29970348},
{"learn":[0.3180765386],"iteration":408,"passed_time":8.496124862,"remaining_time":12.27679656},
{"learn":[0.3180131744],"iteration":409,"passed_time":8.514953099,"remaining_time":12.25322519},
{"learn":[0.3179632289],"iteration":410,"passed_time":8.534504745,"remaining_time":12.23071361},
{"learn":[0.3179312497],"iteration":411,"passed_time":8.552857077,"remaining_time":12.20650476},
{"learn":[0.3178805606],"iteration":412,"passed_time":8.572096074,"remaining_time":12.18358449},
{"learn":[0.317879019],"iteration":413,"passed_time":8.591570427,"remaining_time":12.16101515},
{"learn":[0.3178089458],"iteration":414,"passed_time":8.614338712,"remaining_time":12.14310397},
{"learn":[0.317757788],"iteration":415,"passed_time":8.633290784,"remaining_time":12.11981206},
{"learn":[0.3177076858],"iteration":416,"passed_time":8.65586888,"remaining_time":12.10161045},
{"learn":[0.3176687801],"iteration":417,"passed_time":8.685568379,"remaining_time":12.09330334},
{"learn":[0.3176218391],"iteration":418,"passed_time":8.71206364,"remaining_time":12.08045101},
{"learn":[0.3175535143],"iteration":419,"passed_time":8.738150325,"remaining_time":12.0669695},
{"learn":[0.3175004655],"iteration":420,"passed_time":8.762308981,"remaining_time":12.05077648},
{"learn":[0.3174538875],"iteration":421,"passed_time":8.780572067,"remaining_time":12.02647075},
{"learn":[0.3174055258],"iteration":422,"passed_time":8.800599557,"remaining_time":12.00460034},
{"learn":[0.3173444154],"iteration":423,"passed_time":8.818718068,"remaining_time":11.9801453},
{"learn":[0.3173047777],"iteration":424,"passed_time":8.838102762,"remaining_time":11.95743315},
{"learn":[0.3172904251],"iteration":425,"passed_time":8.860591896,"remaining_time":11.9389196},
{"learn":[0.3172296523],"iteration":426,"passed_time":8.880154241,"remaining_time":11.91645991},
{"learn":[0.3171766275],"iteration":427,"passed_time":8.899254772,"remaining_time":11.89339656},
{"learn":[0.3171365645],"iteration":428,"passed_time":8.917237159,"remaining_time":11.86886345},
{"learn":[0.3170814885],"iteration":429,"passed_time":8.936118749,"remaining_time":11.84555276},
{"learn":[0.3170475004],"iteration":430,"passed_time":8.955770934,"remaining_time":11.82327996},
{"learn":[0.3170040263],"iteration":431,"passed_time":8.975724292,"remaining_time":11.80141527},
{"learn":[0.3169739138],"iteration":432,"passed_time":8.993765265,"remaining_time":11.77705521},
{"learn":[0.3169252052],"iteration":433,"passed_time":9.01273441,"remaining_time":11.75393474},
{"learn":[0.316875249],"iteration":434,"passed_time":9.03189779,"remaining_time":11.73108563},
{"learn":[0.3168237385],"iteration":435,"passed_time":9.051044054,"remaining_time":11.7082313},
{"learn":[0.3167811256],"iteration":436,"passed_time":9.07297868,"remaining_time":11.68898626},
{"learn":[0.3167318242],"iteration":437,"passed_time":9.091882529,"remaining_time":11.66584014},
{"learn":[0.3166523658],"iteration":438,"passed_time":9.111375697,"remaining_time":11.64346644},
{"learn":[0.3166254166],"iteration":439,"passed_time":9.129510537,"remaining_time":11.61937705},
{"learn":[0.3165710901],"iteration":440,"passed_time":9.150061473,"remaining_time":11.59837724},
{"learn":[0.3165026046],"iteration":441,"passed_time":9.168993328,"remaining_time":11.57533547},
{"learn":[0.3164662834],"iteration":442,"passed_time":9.186647103,"remaining_time":11.55070527},
{"learn":[0.3164283417],"iteration":443,"passed_time":9.20470857,"remaining_time":11.52661704},
{"learn":[0.3163868682],"iteration":444,"passed_time":9.223288014,"remaining_time":11.50320191},
{"learn":[0.3163779498],"iteration":445,"passed_time":9.240517849,"remaining_time":11.47813204},
{"learn":[0.3163160181],"iteration":446,"passed_time":9.259456687,"remaining_time":11.45521152},
{"learn":[0.3162679556],"iteration":447,"passed_time":9.281278533,"remaining_time":11.43586105},
{"learn":[0.3162167305],"iteration":448,"passed_time":9.300082763,"remaining_time":11.41279644},
{"learn":[0.3161758803],"iteration":449,"passed_time":9.319345808,"remaining_time":11.39031154},
{"learn":[0.3161123942],"iteration":450,"passed_time":9.338555281,"remaining_time":11.36777572},
{"learn":[0.3160571722],"iteration":451,"passed_time":9.357470026,"remaining_time":11.34489729},
{"learn":[0.316028371],"iteration":452,"passed_time":9.375432957,"remaining_time":11.32088704},
{"learn":[0.3159808974],"iteration":453,"passed_time":9.394285861,"remaining_time":11.29797374},
{"learn":[0.3159750797],"iteration":454,"passed_time":9.411383073,"remaining_time":11.27297533},
{"learn":[0.3159424377],"iteration":455,"passed_time":9.429651682,"remaining_time":11.24940902},
{"learn":[0.3158973652],"iteration":456,"passed_time":9.447858616,"remaining_time":11.22579262},
{"learn":[0.3158394635],"iteration":457,"passed_time":9.466321593,"remaining_time":11.20250285},
{"learn":[0.315787129],"iteration":458,"passed_time":9.489806623,"remaining_time":11.18515334},
{"learn":[0.31574828],"iteration":459,"passed_time":9.508014374,"remaining_time":11.16158209},
{"learn":[0.3156941325],"iteration":460,"passed_time":9.527317613,"remaining_time":11.13931495},
{"learn":[0.3156529335],"iteration":461,"passed_time":9.546281864,"remaining_time":11.11666589},
{"learn":[0.3155891253],"iteration":462,"passed_time":9.565547048,"remaining_time":11.09438178},
{"learn":[0.3155429647],"iteration":463,"passed_time":9.584189536,"remaining_time":11.07139136},
{"learn":[0.3154870004],"iteration":464,"passed_time":9.602912676,"remaining_time":11.04851243},
{"learn":[0.3154112992],"iteration":465,"passed_time":9.622179061,"remaining_time":11.02627386},
{"learn":[0.3153636159],"iteration":466,"passed_time":9.640976435,"remaining_time":11.00351272},
{"learn":[0.3153087648],"iteration":467,"passed_time":9.659836688,"remaining_time":10.98084},
{"learn":[0.315260506],"iteration":468,"passed_time":9.680730402,"remaining_time":10.96048581},
{"learn":[0.3152010532],"iteration":469,"passed_time":9.703847879,"remaining_time":10.94263697},
{"learn":[0.3151896378],"iteration":470,"passed_time":9.72159347,"remaining_time":10.91873237},
{"learn":[0.3151423813],"iteration":471,"passed_time":9.739721836,"remaining_time":10.89528205},
{"learn":[0.3151067633],"iteration":472,"passed_time":9.758533477,"remaining_time":10.87261552},
{"learn":[0.3150683661],"iteration":473,"passed_time":9.776512105,"remaining_time":10.84904086},
{"learn":[0.3150336954],"iteration":474,"passed_time":9.794241845,"remaining_time":10.82521467},
{"learn":[0.3149920671],"iteration":475,"passed_time":9.812459951,"remaining_time":10.80195171},
{"learn":[0.3149386432],"iteration":476,"passed_time":9.83141398,"remaining_time":10.7795168},
{"learn":[0.3148978834],"iteration":477,"passed_time":9.849487578,"remaining_time":10.75613497},
{"learn":[0.3148545431],"iteration":478,"passed_time":9.86839761,"remaining_time":10.73368508},
{"learn":[0.3148165208],"iteration":479,"passed_time":9.887694017,"remaining_time":10.71166852},
{"learn":[0.3147784907],"iteration":480,"passed_time":9.917399713,"remaining_time":10.70089491},
{"learn":[0.3147233734],"iteration":481,"passed_time":9.939247525,"remaining_time":10.68159796},
{"learn":[0.314650111],"iteration":482,"passed_time":9.958199458,"remaining_time":10.65919072},
{"learn":[0.3145894582],"iteration":483,"passed_time":9.976582204,"remaining_time":10.63619095},
{"learn":[0.3145429242],"iteration":484,"passed_time":9.995247917,"remaining_time":10.61351067},
{"learn":[0.31451651],"iteration":485,"passed_time":10.01442494,"remaining_time":10.5913877},
{"learn":[0.3144664483],"iteration":486,"passed_time":10.03825559,"remaining_time":10.57417889},
{"learn":[0.3144144497],"iteration":487,"passed_time":10.05821286,"remaining_time":10.55287906},
{"learn":[0.314370913],"iteration":488,"passed_time":10.07624915,"remaining_time":10.52957733},
{"learn":[0.3143140656],"iteration":489,"passed_time":10.09532812,"remaining_time":10.50738233},
{"learn":[0.3142527377],"iteration":490,"passed_time":10.11452375,"remaining_time":10.48532096},
{"learn":[0.3141876252],"iteration":491,"passed_time":10.14582939,"remaining_time":10.47577507},
{"learn":[0.314135568],"iteration":492,"passed_time":10.17140146,"remaining_time":10.4602445},
{"learn":[0.3140757079],"iteration":493,"passed_time":10.19759407,"remaining_time":10.44530891},
{"learn":[0.3140520174],"iteration":494,"passed_time":10.22402455,"remaining_time":10.4305705},
{"learn":[0.3140039454],"iteration":495,"passed_time":10.25018782,"remaining_time":10.41551343},
{"learn":[0.3139677698],"iteration":496,"passed_time":10.27488172,"remaining_time":10.39892455},
{"learn":[0.3139242351],"iteration":497,"passed_time":10.30018163,"remaining_time":10.38291401},
{"learn":[0.3138744077],"iteration":498,"passed_time":10.32577361,"remaining_time":10.36715947},
{"learn":[0.3138301738],"iteration":499,"passed_time":10.35384997,"remaining_time":10.35384997},
{"learn":[0.3137979632],"iteration":500,"passed_time":10.37970952,"remaining_time":10.33827356},
{"learn":[0.3137547583],"iteration":501,"passed_time":10.4056873,"remaining_time":10.32277345},
{"learn":[0.3137230049],"iteration":502,"passed_time":10.43565392,"remaining_time":10.31117295},
{"learn":[0.3136703687],"iteration":503,"passed_time":10.46202873,"remaining_time":10.29596478},
{"learn":[0.3136367651],"iteration":504,"passed_time":10.48620128,"remaining_time":10.27855373},
{"learn":[0.3135989172],"iteration":505,"passed_time":10.51158031,"remaining_time":10.26229382},
{"learn":[0.3135235252],"iteration":506,"passed_time":10.53857487,"remaining_time":10.24756886},
{"learn":[0.3134730939],"iteration":507,"passed_time":10.56581863,"remaining_time":10.23303694},
{"learn":[0.313417051],"iteration":508,"passed_time":10.59390365,"remaining_time":10.21926658},
{"learn":[0.3133829396],"iteration":509,"passed_time":10.61891956,"remaining_time":10.20249135},
{"learn":[0.3133368583],"iteration":510,"passed_time":10.64593044,"remaining_time":10.18759292},
{"learn":[0.3132911861],"iteration":511,"passed_time":10.68146116,"remaining_time":10.18076767},
{"learn":[0.3132418697],"iteration":512,"passed_time":10.70827921,"remaining_time":10.16555941},
{"learn":[0.3131905498],"iteration":513,"passed_time":10.73590067,"remaining_time":10.15106562},
{"learn":[0.3131472424],"iteration":514,"passed_time":10.76223924,"remaining_time":10.13531268},
{"learn":[0.3130910385],"iteration":515,"passed_time":10.79118788,"remaining_time":10.12196692},
{"learn":[0.3130388025],"iteration":516,"passed_time":10.81818447,"remaining_time":10.10673714},
{"learn":[0.312993756],"iteration":517,"passed_time":10.84520096,"remaining_time":10.09148043},
{"learn":[0.3129432781],"iteration":518,"passed_time":10.8711506,"remaining_time":10.07518967},
{"learn":[0.312881736],"iteration":519,"passed_time":10.8979831,"remaining_time":10.05967671},
{"learn":[0.3128292021],"iteration":520,"passed_time":10.92545475,"remaining_time":10.04470792},
{"learn":[0.3127854633],"iteration":521,"passed_time":10.95098198,"remaining_time":10.02791071},
{"learn":[0.3127435956],"iteration":522,"passed_time":10.97993312,"remaining_time":10.01420286},
{"learn":[0.3126996303],"iteration":523,"passed_time":11.00643281,"remaining_time":9.99820996},
{"learn":[0.3126281252],"iteration":524,"passed_time":11.0254203,"remaining_time":9.975380273},
{"learn":[0.3125726384],"iteration":525,"passed_time":11.04388614,"remaining_time":9.952095118},
{"learn":[0.3125099043],"iteration":526,"passed_time":11.0627433,"remaining_time":9.929179472},
{"learn":[0.312453977],"iteration":527,"passed_time":11.08149663,"remaining_time":9.906186382},
{"learn":[0.3124404667],"iteration":528,"passed_time":11.09891378,"remaining_time":9.882019646},
{"learn":[0.3124308215],"iteration":529,"passed_time":11.11686342,"remaining_time":9.858350579},
{"learn":[0.3123759238],"iteration":530,"passed_time":11.13600049,"remaining_time":9.835751848},
{"learn":[0.3123263067],"iteration":531,"passed_time":11.1568176,"remaining_time":9.814644056},
{"learn":[0.3122632607],"iteration":532,"passed_time":11.17565709,"remaining_time":9.791804619},
{"learn":[0.3121938958],"iteration":533,"passed_time":11.19306685,"remaining_time":9.767732491},
{"learn":[0.3121475459],"iteration":534,"passed_time":11.21699459,"remaining_time":9.749350437},
{"learn":[0.312115993],"iteration":535,"passed_time":11.23617443,"remaining_time":9.726837569},
{"learn":[0.3120960679],"iteration":536,"passed_time":11.25606564,"remaining_time":9.704950449},
{"learn":[0.3120714114],"iteration":537,"passed_time":11.27437384,"remaining_time":9.681711366},
{"learn":[0.3120257271],"iteration":538,"passed_time":11.29294575,"remaining_time":9.658716121},
{"learn":[0.3119895519],"iteration":539,"passed_time":11.31135663,"remaining_time":9.635600092},
{"learn":[0.311924819],"iteration":540,"passed_time":11.33088637,"remaining_time":9.613450731},
{"learn":[0.3118455655],"iteration":541,"passed_time":11.34973527,"remaining_time":9.590735705},
{"learn":[0.3118359863],"iteration":542,"passed_time":11.36602504,"remaining_time":9.565881112},
{"learn":[0.3117490628],"iteration":543,"passed_time":11.38489812,"remaining_time":9.543223428},
{"learn":[0.3117011824],"iteration":544,"passed_time":11.40276573,"remaining_time":9.519740198},
{"learn":[0.3116642293],"iteration":545,"passed_time":11.42774863,"remaining_time":9.502193916},
{"learn":[0.3116200877],"iteration":546,"passed_time":11.44635177,"remaining_time":9.47933702},
{"learn":[0.311583115],"iteration":547,"passed_time":11.46455054,"remaining_time":9.456162124},
{"learn":[0.3115294623],"iteration":548,"passed_time":11.48364647,"remaining_time":9.433742368},
{"learn":[0.3114882631],"iteration":549,"passed_time":11.50189859,"remaining_time":9.410644297},
{"learn":[0.3114495289],"iteration":550,"passed_time":11.52051312,"remaining_time":9.387859146},
{"learn":[0.3113779174],"iteration":551,"passed_time":11.54052663,"remaining_time":9.36622451},
{"learn":[0.3113336536],"iteration":552,"passed_time":11.55862005,"remaining_time":9.343043694},
{"learn":[0.3112957719],"iteration":553,"passed_time":11.57654616,"remaining_time":9.319746549},
{"learn":[0.3112286466],"iteration":554,"passed_time":11.59589749,"remaining_time":9.297611501},
{"learn":[0.3111724237],"iteration":555,"passed_time":11.61477919,"remaining_time":9.275111436},
{"learn":[0.3111041089],"iteration":556,"passed_time":11.64042654,"remaining_time":9.258005306},
{"learn":[0.3110653496],"iteration":557,"passed_time":11.66061777,"remaining_time":9.236546696},
{"learn":[0.3110184443],"iteration":558,"passed_time":11.67928341,"remaining_time":9.213889061},
{"learn":[0.31098517],"iteration":559,"passed_time":11.69749641,"remaining_time":9.190890034},
{"learn":[0.3109490167],"iteration":560,"passed_time":11.71620221,"remaining_time":9.168293705},
{"learn":[0.3108894756],"iteration":561,"passed_time":11.7352848,"remaining_time":9.146004881},
{"learn":[0.3108678602],"iteration":562,"passed_time":11.75263718,"remaining_time":9.122384454},
{"learn":[0.3108171046],"iteration":563,"passed_time":11.77160151,"remaining_time":9.10003237},
{"learn":[0.3107752318],"iteration":564,"passed_time":11.78998394,"remaining_time":9.077244273},
{"learn":[0.3107192659],"iteration":565,"passed_time":11.80865998,"remaining_time":9.054696875},
{"learn":[0.3106713523],"iteration":566,"passed_time":11.82693447,"remaining_time":9.031856484},
{"learn":[0.3106098527],"iteration":567,"passed_time":11.84949238,"remaining_time":9.012289979},
{"learn":[0.3105754156],"iteration":568,"passed_time":11.86823794,"remaining_time":8.989825226},
{"learn":[0.3105148715],"iteration":569,"passed_time":11.88713763,"remaining_time":8.96748979},
{"learn":[0.3104722598],"iteration":570,"passed_time":11.90733407,"remaining_time":8.946140658},
{"learn":[0.3104371001],"iteration":571,"passed_time":11.92594274,"remaining_time":8.923607502},
{"learn":[0.3104082893],"iteration":572,"passed_time":11.94352802,"remaining_time":8.900325421},
{"learn":[0.3103582153],"iteration":573,"passed_time":11.96222545,"remaining_time":8.877888572},
{"learn":[0.3103148442],"iteration":574,"passed_time":11.98131458,"remaining_time":8.855754253},
{"learn":[0.3102737716],"iteration":575,"passed_time":11.99963663,"remaining_time":8.833065851},
{"learn":[0.3102211836],"iteration":576,"passed_time":12.01896554,"remaining_time":8.811130715},
{"learn":[0.3101860424],"iteration":577,"passed_time":12.03802248,"remaining_time":8.78900603},
{"learn":[0.3101261206],"iteration":578,"passed_time":12.06017264,"remaining_time":8.769141075},
{"learn":[0.3100787273],"iteration":579,"passed_time":12.07840867,"remaining_time":8.746433865},
{"learn":[0.3100448455],"iteration":580,"passed_time":12.0965766,"remaining_time":8.723692938},
{"learn":[0.3099974276],"iteration":581,"passed_time":12.11571223,"remaining_time":8.701662734},
{"learn":[0.3099686549],"iteration":582,"passed_time":12.1333609,"remaining_time":8.678578895},
{"learn":[0.3099042336],"iteration":583,"passed_time":12.15211881,"remaining_time":8.656303811},
{"learn":[0.3098710609],"iteration":584,"passed_time":12.17039979,"remaining_time":8.633702416},
{"learn":[0.3098187314],"iteration":585,"passed_time":12.18880959,"remaining_time":8.611206776},
{"learn":[0.3097635508],"iteration":586,"passed_time":12.20800356,"remaining_time":8.589276784},
{"learn":[0.3097044703],"iteration":587,"passed_time":12.22687035,"remaining_time":8.567126843},
{"learn":[0.3096592865],"iteration":588,"passed_time":12.24532573,"remaining_time":8.544700973},
{"learn":[0.3095992802],"iteration":589,"passed_time":12.27011282,"remaining_time":8.526688568},
{"learn":[0.3095620744],"iteration":590,"passed_time":12.28885655,"remaining_time":8.504470946},
{"learn":[0.3095282655],"iteration":591,"passed_time":12.30639964,"remaining_time":8.481437592},
{"learn":[0.3094949522],"iteration":592,"passed_time":12.32377548,"remaining_time":8.458307958},
{"learn":[0.3094735266],"iteration":593,"passed_time":12.34207272,"remaining_time":8.435827483},
{"learn":[0.3094418457],"iteration":594,"passed_time":12.36045371,"remaining_time":8.413418074},
{"learn":[0.3094261895],"iteration":595,"passed_time":12.37786981,"remaining_time":8.390368125},
{"learn":[0.3093790949],"iteration":596,"passed_time":12.3960317,"remaining_time":8.367840495},
{"learn":[0.3093775268],"iteration":597,"passed_time":12.41031594,"remaining_time":8.342720746},
{"learn":[0.3093178748],"iteration":598,"passed_time":12.43041839,"remaining_time":8.321532179},
{"learn":[0.3092678501],"iteration":599,"passed_time":12.44907959,"remaining_time":8.299386391},
{"learn":[0.3092396628],"iteration":600,"passed_time":12.46710665,"remaining_time":8.276831204},
{"learn":[0.3092084379],"iteration":601,"passed_time":12.49201709,"remaining_time":8.258841866},
{"learn":[0.3091824536],"iteration":602,"passed_time":12.51316625,"remaining_time":8.238353235},
{"learn":[0.3091387617],"iteration":603,"passed_time":12.53199566,"remaining_time":8.216341523},
{"learn":[0.3091234242],"iteration":604,"passed_time":12.54976684,"remaining_time":8.193649424},
{"learn":[0.3091014958],"iteration":605,"passed_time":12.56814021,"remaining_time":8.171365086},
{"learn":[0.3090465233],"iteration":606,"passed_time":12.58753456,"remaining_time":8.149754664},
{"learn":[0.3090130744],"iteration":607,"passed_time":12.60627359,"remaining_time":8.127729026},
{"learn":[0.3089437564],"iteration":608,"passed_time":12.62532535,"remaining_time":8.105914964},
{"learn":[0.3089100322],"iteration":609,"passed_time":12.65570898,"remaining_time":8.091354922},
{"learn":[0.3088689333],"iteration":610,"passed_time":12.68374228,"remaining_time":8.075246724},
{"learn":[0.3088211242],"iteration":611,"passed_time":12.70908412,"remaining_time":8.057393201},
{"learn":[0.308769937],"iteration":612,"passed_time":12.7278939,"remaining_time":8.035391417},
{"learn":[0.3087235898],"iteration":613,"passed_time":12.748845,"remaining_time":8.014746202},
{"learn":[0.3086581592],"iteration":614,"passed_time":12.76838311,"remaining_time":7.993215446},
{"learn":[0.3086078193],"iteration":615,"passed_time":12.79135867,"remaining_time":7.973833976},
{"learn":[0.3085399374],"iteration":616,"passed_time":12.8108835,"remaining_time":7.952298835},
{"learn":[0.3084878408],"iteration":617,"passed_time":12.83028488,"remaining_time":7.930693893},
{"learn":[0.3084349224],"iteration":618,"passed_time":12.84921869,"remaining_time":7.908808271},
{"learn":[0.3083849772],"iteration":619,"passed_time":12.8676981,"remaining_time":7.886653674},
{"learn":[0.3083522539],"iteration":620,"passed_time":12.88656562,"remaining_time":7.864747781},
{"learn":[0.308290478],"iteration":621,"passed_time":12.90681335,"remaining_time":7.843690426},
{"learn":[0.3082611742],"iteration":622,"passed_time":12.9279541,"remaining_time":7.823176078},
{"learn":[0.308233715],"iteration":623,"passed_time":12.94687216,"remaining_time":7.801320405},
{"learn":[0.3081921757],"iteration":624,"passed_time":12.96634441,"remaining_time":7.779806648},
{"learn":[0.3081282263],"iteration":625,"passed_time":12.98503075,"remaining_time":7.757829876},
{"learn":[0.3080886939],"iteration":626,"passed_time":13.00416185,"remaining_time":7.736128179},
{"learn":[0.3080451617],"iteration":627,"passed_time":13.02309965,"remaining_time":7.714320175},
{"learn":[0.307987131],"iteration":628,"passed_time":13.04214088,"remaining_time":7.692582302},
{"learn":[0.307954445],"iteration":629,"passed_time":13.06122989,"remaining_time":7.670881047},
{"learn":[0.3079294393],"iteration":630,"passed_time":13.07967992,"remaining_time":7.648814404},
{"learn":[0.3079012246],"iteration":631,"passed_time":13.09765043,"remaining_time":7.626479999},
{"learn":[0.3078597946],"iteration":632,"passed_time":13.11612702,"remaining_time":7.60445279},
{"learn":[0.3078300083],"iteration":633,"passed_time":13.1381938,"remaining_time":7.584509352},
{"learn":[0.3077903199],"iteration":634,"passed_time":13.1564559,"remaining_time":7.562372289},
{"learn":[0.307731111],"iteration":635,"passed_time":13.17410672,"remaining_time":7.53989756},
{"learn":[0.3077074307],"iteration":636,"passed_time":13.19293664,"remaining_time":7.518109891},
{"learn":[0.3076584498],"iteration":637,"passed_time":13.21171883,"remaining_time":7.496304414},
{"learn":[0.3076063709],"iteration":638,"passed_time":13.23142389,"remaining_time":7.475029774},
{"learn":[0.30754307],"iteration":639,"passed_time":13.2509265,"remaining_time":7.453646154},
{"learn":[0.3074751388],"iteration":640,"passed_time":13.2707953,"remaining_time":7.432473501},
{"learn":[0.3074217231],"iteration":641,"passed_time":13.28966946,"remaining_time":7.410750258},
{"learn":[0.3073619831],"iteration":642,"passed_time":13.30973823,"remaining_time":7.389699144},
{"learn":[0.3073374151],"iteration":643,"passed_time":13.32767962,"remaining_time":7.367475072},
{"learn":[0.3072867966],"iteration":644,"passed_time":13.34973668,"remaining_time":7.347529489},
{"learn":[0.3072236899],"iteration":645,"passed_time":13.36903018,"remaining_time":7.32606298},
{"learn":[0.3072005637],"iteration":646,"passed_time":13.38696639,"remaining_time":7.303862649},
{"learn":[0.3071576509],"iteration":647,"passed_time":13.40597067,"remaining_time":7.28225567},
{"learn":[0.3071082906],"iteration":648,"passed_time":13.4247566,"remaining_time":7.260538625},
{"learn":[0.3070514433],"iteration":649,"passed_time":13.44345209,"remaining_time":7.238781893},
{"learn":[0.3070089864],"iteration":650,"passed_time":13.46227494,"remaining_time":7.217102851},
{"learn":[0.3069412461],"iteration":651,"passed_time":13.4814324,"remaining_time":7.19561116},
{"learn":[0.3069191092],"iteration":652,"passed_time":13.49952396,"remaining_time":7.173560206},
{"learn":[0.3068707722],"iteration":653,"passed_time":13.51830754,"remaining_time":7.151887474},
{"learn":[0.3068200165],"iteration":654,"passed_time":13.53748327,"remaining_time":7.130430118},
{"learn":[0.3067764945],"iteration":655,"passed_time":13.56173995,"remaining_time":7.111644121},
{"learn":[0.3067294627],"iteration":656,"passed_time":13.58092657,"remaining_time":7.090194542},
{"learn":[0.3066977964],"iteration":657,"passed_time":13.59858712,"remaining_time":7.067958654},
{"learn":[0.306650251],"iteration":658,"passed_time":13.61707615,"remaining_time":7.046165351},
{"learn":[0.3065964565],"iteration":659,"passed_time":13.64240882,"remaining_time":7.027907571},
{"learn":[0.3065606068],"iteration":660,"passed_time":13.67444374,"remaining_time":7.013065702},
{"learn":[0.3065058992],"iteration":661,"passed_time":13.70816759,"remaining_time":6.999034207},
{"learn":[0.3064549151],"iteration":662,"passed_time":13.74194313,"remaining_time":6.984969584},
{"learn":[0.3064175481],"iteration":663,"passed_time":13.76966391,"remaining_time":6.967781739},
{"learn":[0.3063842966],"iteration":664,"passed_time":13.80310558,"remaining_time":6.953444164},
{"learn":[0.3063429498],"iteration":665,"passed_time":13.82614742,"remaining_time":6.933833693},
{"learn":[0.3062996285],"iteration":666,"passed_time":13.84438811,"remaining_time":6.911815953},
{"learn":[0.3062442732],"iteration":667,"passed_time":13.86319848,"remaining_time":6.890092658},
{"learn":[0.3061835336],"iteration":668,"passed_time":13.88545285,"remaining_time":6.870082051},
{"learn":[0.3061461533],"iteration":669,"passed_time":13.9114416,"remaining_time":6.851904071},
{"learn":[0.3060872354],"iteration":670,"passed_time":13.93346527,"remaining_time":6.831758678},
{"learn":[0.3060310868],"iteration":671,"passed_time":13.95299675,"remaining_time":6.810391269},
{"learn":[0.3059682736],"iteration":672,"passed_time":13.97823853,"remaining_time":6.791803862},
{"learn":[0.3059257748],"iteration":673,"passed_time":13.99679512,"remaining_time":6.769963217},
{"learn":[0.3058778483],"iteration":674,"passed_time":14.0184952,"remaining_time":6.749645838},
{"learn":[0.305840313],"iteration":675,"passed_time":14.03704148,"remaining_time":6.727812782},
{"learn":[0.3057816566],"iteration":676,"passed_time":14.05842457,"remaining_time":6.707342891},
{"learn":[0.3057243528],"iteration":677,"passed_time":14.0789814,"remaining_time":6.686477892},
{"learn":[0.3056635598],"iteration":678,"passed_time":14.09794742,"remaining_time":6.664861738},
{"learn":[0.3056306619],"iteration":679,"passed_time":14.11610348,"remaining_time":6.642872225},
{"learn":[0.3055684384],"iteration":680,"passed_time":14.13517082,"remaining_time":6.621320841},
{"learn":[0.3055269083],"iteration":681,"passed_time":14.15369199,"remaining_time":6.59952207},
{"learn":[0.3054882556],"iteration":682,"passed_time":14.17184675,"remaining_time":6.577562841},
{"learn":[0.3054470553],"iteration":683,"passed_time":14.19307778,"remaining_time":6.557035935},
{"learn":[0.3054043057],"iteration":684,"passed_time":14.21168801,"remaining_time":6.535301787},
{"learn":[0.3053536541],"iteration":685,"passed_time":14.23093706,"remaining_time":6.513869149},
{"learn":[0.305292547],"iteration":686,"passed_time":14.25007646,"remaining_time":6.492392915},
{"learn":[0.305247179],"iteration":687,"passed_time":14.26773048,"remaining_time":6.47024987},
{"learn":[0.3051737402],"iteration":688,"passed_time":14.28647907,"remaining_time":6.448613918},
{"learn":[0.3051342709],"iteration":689,"passed_time":14.30455225,"remaining_time":6.426682897},
{"learn":[0.3050817737],"iteration":690,"passed_time":14.32397829,"remaining_time":6.405368007},
{"learn":[0.305038035],"iteration":691,"passed_time":14.34296726,"remaining_time":6.383864041},
{"learn":[0.3050069679],"iteration":692,"passed_time":14.36171789,"remaining_time":6.36226175},
{"learn":[0.3049674817],"iteration":693,"passed_time":14.38087694,"remaining_time":6.340847757},
{"learn":[0.3049397698],"iteration":694,"passed_time":14.4015296,"remaining_time":6.320095723},
{"learn":[0.3049045467],"iteration":695,"passed_time":14.42018836,"remaining_time":6.298473078},
{"learn":[0.3048535322],"iteration":696,"passed_time":14.43962445,"remaining_time":6.277196854},
{"learn":[0.3048117292],"iteration":697,"passed_time":14.45900971,"remaining_time":6.255903913},
{"learn":[0.3047707637],"iteration":698,"passed_time":14.47721171,"remaining_time":6.234106902},
{"learn":[0.3047004518],"iteration":699,"passed_time":14.49663385,"remaining_time":6.212843079},
{"learn":[0.3046763768],"iteration":700,"passed_time":14.51474714,"remaining_time":6.191026241},
{"learn":[0.3046309929],"iteration":701,"passed_time":14.53334326,"remaining_time":6.169424917},
{"learn":[0.3045898162],"iteration":702,"passed_time":14.55176702,"remaining_time":6.147759322},
{"learn":[0.3045437724],"iteration":703,"passed_time":14.57005807,"remaining_time":6.126047143},
{"learn":[0.3045076503],"iteration":704,"passed_time":14.5887006,"remaining_time":6.10449174},
{"learn":[0.3044668521],"iteration":705,"passed_time":14.61029208,"remaining_time":6.084172622},
{"learn":[0.304433187],"iteration":706,"passed_time":14.62881912,"remaining_time":6.062579916},
{"learn":[0.3043723988],"iteration":707,"passed_time":14.67143522,"remaining_time":6.05093091},
{"learn":[0.3043155535],"iteration":708,"passed_time":14.69901411,"remaining_time":6.033022716},
{"learn":[0.3042894674],"iteration":709,"passed_time":14.7175567,"remaining_time":6.011396399},
{"learn":[0.3042254687],"iteration":710,"passed_time":14.7370945,"remaining_time":5.990183278},
{"learn":[0.3041829135],"iteration":711,"passed_time":14.75615522,"remaining_time":5.968781888},
{"learn":[0.3041339833],"iteration":712,"passed_time":14.77597781,"remaining_time":5.947693734},
{"learn":[0.3040825817],"iteration":713,"passed_time":14.79531455,"remaining_time":5.926414513},
{"learn":[0.3040202231],"iteration":714,"passed_time":14.81789961,"remaining_time":5.906435509},
{"learn":[0.3039778004],"iteration":715,"passed_time":14.83796216,"remaining_time":5.885448677},
{"learn":[0.303937712],"iteration":716,"passed_time":14.85649948,"remaining_time":5.863862417},
{"learn":[0.3038924355],"iteration":717,"passed_time":14.8766925,"remaining_time":5.842934935},
{"learn":[0.3038247759],"iteration":718,"passed_time":14.89647467,"remaining_time":5.821848932},
{"learn":[0.3038048842],"iteration":719,"passed_time":14.9143381,"remaining_time":5.800020373},
{"learn":[0.3037607702],"iteration":720,"passed_time":14.93322889,"remaining_time":5.778600363},
{"learn":[0.3037313024],"iteration":721,"passed_time":14.96473601,"remaining_time":5.762045166},
{"learn":[0.3036803579],"iteration":722,"passed_time":14.99244358,"remaining_time":5.743992909},
{"learn":[0.3036525009],"iteration":723,"passed_time":15.02283579,"remaining_time":5.726937399},
{"learn":[0.3036000615],"iteration":724,"passed_time":15.04916263,"remaining_time":5.708303065},
{"learn":[0.3035539478],"iteration":725,"passed_time":15.07692778,"remaining_time":5.690190373},
{"learn":[0.3035077319],"iteration":726,"passed_time":15.10428248,"remaining_time":5.671896998},
{"learn":[0.3034690146],"iteration":727,"passed_time":15.12973393,"remaining_time":5.652867621},
{"learn":[0.3034369349],"iteration":728,"passed_time":15.15642115,"remaining_time":5.634280017},
{"learn":[0.3033856656],"iteration":729,"passed_time":15.18357183,"remaining_time":5.615841635},
{"learn":[0.3033400651],"iteration":730,"passed_time":15.20308187,"remaining_time":5.594567747},
{"learn":[0.3032887581],"iteration":731,"passed_time":15.22361526,"remaining_time":5.573673346},
{"learn":[0.3032546573],"iteration":732,"passed_time":15.24533337,"remaining_time":5.553211472},
{"learn":[0.3032216981],"iteration":733,"passed_time":15.26419937,"remaining_time":5.531712577},
{"learn":[0.3031819136],"iteration":734,"passed_time":15.28327182,"remaining_time":5.510295282},
{"learn":[0.3031287579],"iteration":735,"passed_time":15.30266562,"remaining_time":5.488999624},
{"learn":[0.3031012828],"iteration":736,"passed_time":15.3234765,"remaining_time":5.468214817},
{"learn":[0.3030645069],"iteration":737,"passed_time":15.34469603,"remaining_time":5.447575013},
{"learn":[0.3030302533],"iteration":738,"passed_time":15.36348823,"remaining_time":5.426076359},
{"learn":[0.3029981318],"iteration":739,"passed_time":15.38209436,"remaining_time":5.404519638},
{"learn":[0.3029517646],"iteration":740,"passed_time":15.40167914,"remaining_time":5.383312952},
{"learn":[0.3029264534],"iteration":741,"passed_time":15.42022296,"remaining_time":5.361748686},
{"learn":[0.3028968304],"iteration":742,"passed_time":15.44120815,"remaining_time":5.341037003},
{"learn":[0.3028542276],"iteration":743,"passed_time":15.46004126,"remaining_time":5.319584091},
{"learn":[0.3028060052],"iteration":744,"passed_time":15.48190396,"remaining_time":5.299175182},
{"learn":[0.3027731203],"iteration":745,"passed_time":15.50057861,"remaining_time":5.2776769},
{"learn":[0.3027288746],"iteration":746,"passed_time":15.51977937,"remaining_time":5.256364363},
{"learn":[0.302682889],"iteration":747,"passed_time":15.53980111,"remaining_time":5.235334063},
{"learn":[0.3026290585],"iteration":748,"passed_time":15.55957768,"remaining_time":5.214224296},
{"learn":[0.3025810726],"iteration":749,"passed_time":15.57873703,"remaining_time":5.192912345},
{"learn":[0.3025535831],"iteration":750,"passed_time":15.59881424,"remaining_time":5.171910449},
{"learn":[0.3025088172],"iteration":751,"passed_time":15.61825624,"remaining_time":5.150701526},
{"learn":[0.3024853736],"iteration":752,"passed_time":15.64367372,"remaining_time":5.131457383},
{"learn":[0.3024390168],"iteration":753,"passed_time":15.66412002,"remaining_time":5.110574967},
{"learn":[0.3023985723],"iteration":754,"passed_time":15.68300565,"remaining_time":5.089187262},
{"learn":[0.3023414734],"iteration":755,"passed_time":15.70229292,"remaining_time":5.067935811},
{"learn":[0.302267644],"iteration":756,"passed_time":15.72221373,"remaining_time":5.046892916},
{"learn":[0.3022127968],"iteration":757,"passed_time":15.74085297,"remaining_time":5.025443825},
{"learn":[0.302185797],"iteration":758,"passed_time":15.76001959,"remaining_time":5.004169592},
{"learn":[0.3021495732],"iteration":759,"passed_time":15.77937305,"remaining_time":4.982959911},
{"learn":[0.3021181595],"iteration":760,"passed_time":15.7978038,"remaining_time":4.96146532},
{"learn":[0.3020818973],"iteration":761,"passed_time":15.8158168,"remaining_time":4.939848293},
{"learn":[0.3020369008],"iteration":762,"passed_time":15.83414687,"remaining_time":4.918339199},
{"learn":[0.3020119184],"iteration":763,"passed_time":15.85862126,"remaining_time":4.898736409},
{"learn":[0.3019739837],"iteration":764,"passed_time":15.87779506,"remaining_time":4.877492602},
{"learn":[0.3019466105],"iteration":765,"passed_time":15.89679824,"remaining_time":4.856202072},
{"learn":[0.301895838],"iteration":766,"passed_time":15.91562834,"remaining_time":4.834864933},
{"learn":[0.301842069],"iteration":767,"passed_time":15.93501573,"remaining_time":4.813702668},
{"learn":[0.3018081009],"iteration":768,"passed_time":15.95410934,"remaining_time":4.792456771},
{"learn":[0.3017575996],"iteration":769,"passed_time":15.97304577,"remaining_time":4.771169517},
{"learn":[0.3017175025],"iteration":770,"passed_time":15.99244041,"remaining_time":4.750024453},
{"learn":[0.3016845318],"iteration":771,"passed_time":16.01221762,"remaining_time":4.728996915},
{"learn":[0.3016398859],"iteration":772,"passed_time":16.03156425,"remaining_time":4.707846164},
{"learn":[0.301602095],"iteration":773,"passed_time":16.05034085,"remaining_time":4.686533633},
{"learn":[0.3015566922],"iteration":774,"passed_time":16.07399672,"remaining_time":4.666644209},
{"learn":[0.3015213471],"iteration":775,"passed_time":16.09273479,"remaining_time":4.645325507},
{"learn":[0.3015026686],"iteration":776,"passed_time":16.11713088,"remaining_time":4.625637305},
{"learn":[0.301451333],"iteration":777,"passed_time":16.13855504,"remaining_time":4.605088971},
{"learn":[0.3014010288],"iteration":778,"passed_time":16.15740046,"remaining_time":4.583806807},
{"learn":[0.3013718941],"iteration":779,"passed_time":16.17614636,"remaining_time":4.562502821},
{"learn":[0.3013304904],"iteration":780,"passed_time":16.1966296,"remaining_time":4.54169255},
{"learn":[0.30131593],"iteration":781,"passed_time":16.21412989,"remaining_time":4.520051556},
{"learn":[0.3012711127],"iteration":782,"passed_time":16.23677351,"remaining_time":4.499846554},
{"learn":[0.3012419795],"iteration":783,"passed_time":16.25561267,"remaining_time":4.478587165},
{"learn":[0.3012133347],"iteration":784,"passed_time":16.27441017,"remaining_time":4.45732253},
{"learn":[0.3011571774],"iteration":785,"passed_time":16.29387481,"remaining_time":4.436245814},
{"learn":[0.301121126],"iteration":786,"passed_time":16.31247689,"remaining_time":4.414939744},
{"learn":[0.3010894603],"iteration":787,"passed_time":16.33078936,"remaining_time":4.39356262},
{"learn":[0.3010307029],"iteration":788,"passed_time":16.35020251,"remaining_time":4.372487617},
{"learn":[0.3009814485],"iteration":789,"passed_time":16.36954227,"remaining_time":4.351397311},
{"learn":[0.3009389501],"iteration":790,"passed_time":16.3881768,"remaining_time":4.330125096},
{"learn":[0.3008782013],"iteration":791,"passed_time":16.40734422,"remaining_time":4.308999492},
{"learn":[0.3008471385],"iteration":792,"passed_time":16.42584524,"remaining_time":4.287704873},
{"learn":[0.3008058779],"iteration":793,"passed_time":16.44454365,"remaining_time":4.266468504},
{"learn":[0.3007725461],"iteration":794,"passed_time":16.46299038,"remaining_time":4.245173621},
{"learn":[0.300723524],"iteration":795,"passed_time":16.48532836,"remaining_time":4.224883148},
{"learn":[0.3006979299],"iteration":796,"passed_time":16.50350849,"remaining_time":4.203528512},
{"learn":[0.3006889289],"iteration":797,"passed_time":16.52106157,"remaining_time":4.182023104},
{"learn":[0.3006351492],"iteration":798,"passed_time":16.54052902,"remaining_time":4.161009177},
{"learn":[0.300589989],"iteration":799,"passed_time":16.55915006,"remaining_time":4.139787516},
{"learn":[0.3005414646],"iteration":800,"passed_time":16.57786663,"remaining_time":4.118596079},
{"learn":[0.3005293893],"iteration":801,"passed_time":16.5948879,"remaining_time":4.096992276},
{"learn":[0.3005029734],"iteration":802,"passed_time":16.61373959,"remaining_time":4.075848941},
{"learn":[0.3004526937],"iteration":803,"passed_time":16.64431565,"remaining_time":4.057569486},
{"learn":[0.3004270921],"iteration":804,"passed_time":16.66906405,"remaining_time":4.037847813},
{"learn":[0.3003788556],"iteration":805,"passed_time":16.69786368,"remaining_time":4.019088777},
{"learn":[0.3003336321],"iteration":806,"passed_time":16.71751529,"remaining_time":3.998117039},
{"learn":[0.3002991697],"iteration":807,"passed_time":16.73586687,"remaining_time":3.976839652},
{"learn":[0.3002444948],"iteration":808,"passed_time":16.75447594,"remaining_time":3.955630289},
{"learn":[0.3002190395],"iteration":809,"passed_time":16.77290648,"remaining_time":3.934385471},
{"learn":[0.3001606169],"iteration":810,"passed_time":16.79275206,"remaining_time":3.91347736},
{"learn":[0.3001096857],"iteration":811,"passed_time":16.81130022,"remaining_time":3.892271479},
{"learn":[0.3000777601],"iteration":812,"passed_time":16.82963608,"remaining_time":3.871023305},
{"learn":[0.3000313249],"iteration":813,"passed_time":16.85082899,"remaining_time":3.850435125},
{"learn":[0.2999837205],"iteration":814,"passed_time":16.86957888,"remaining_time":3.829290911},
{"learn":[0.2999430253],"iteration":815,"passed_time":16.88847876,"remaining_time":3.808186388},
{"learn":[0.2999015694],"iteration":816,"passed_time":16.91092961,"remaining_time":3.787882642},
{"learn":[0.2998683755],"iteration":817,"passed_time":16.93021128,"remaining_time":3.766868524},
{"learn":[0.2998133257],"iteration":818,"passed_time":16.95236794,"remaining_time":3.746494014},
{"learn":[0.2997901418],"iteration":819,"passed_time":16.96989509,"remaining_time":3.725098922},
{"learn":[0.2997265348],"iteration":820,"passed_time":16.98886111,"remaining_time":3.704026966},
{"learn":[0.2996762222],"iteration":821,"passed_time":17.00887943,"remaining_time":3.683188004},
{"learn":[0.2996324416],"iteration":822,"passed_time":17.02749144,"remaining_time":3.662048584},
{"learn":[0.2996227447],"iteration":823,"passed_time":17.04499479,"remaining_time":3.640678498},
{"learn":[0.2995835699],"iteration":824,"passed_time":17.06381473,"remaining_time":3.619597065},
{"learn":[0.2995538068],"iteration":825,"passed_time":17.0824075,"remaining_time":3.598473251},
{"learn":[0.2995325913],"iteration":826,"passed_time":17.10049817,"remaining_time":3.577250523},
{"learn":[0.2994875794],"iteration":827,"passed_time":17.12357735,"remaining_time":3.557071623},
{"learn":[0.2994538469],"iteration":828,"passed_time":17.14305745,"remaining_time":3.536143333},
{"learn":[0.2994269724],"iteration":829,"passed_time":17.16212,"remaining_time":3.515133012},
{"learn":[0.2993932735],"iteration":830,"passed_time":17.18065197,"remaining_time":3.494019475},
{"learn":[0.2993429163],"iteration":831,"passed_time":17.20053076,"remaining_time":3.473184095},
{"learn":[0.2993104757],"iteration":832,"passed_time":17.21899517,"remaining_time":3.452067459},
{"learn":[0.2992662071],"iteration":833,"passed_time":17.23829305,"remaining_time":3.431123076},
{"learn":[0.2992170893],"iteration":834,"passed_time":17.26145015,"remaining_time":3.410945239},
{"learn":[0.2991821829],"iteration":835,"passed_time":17.2806251,"remaining_time":3.389979087},
{"learn":[0.2991527571],"iteration":836,"passed_time":17.29944458,"remaining_time":3.368947989},
{"learn":[0.2991085563],"iteration":837,"passed_time":17.31847231,"remaining_time":3.347962428},
{"learn":[0.299067381],"iteration":838,"passed_time":17.3404671,"remaining_time":3.327550897},
{"learn":[0.2990126853],"iteration":839,"passed_time":17.36004095,"remaining_time":3.306674466},
{"learn":[0.2989825083],"iteration":840,"passed_time":17.38384912,"remaining_time":3.286601677},
{"learn":[0.298955745],"iteration":841,"passed_time":17.40325419,"remaining_time":3.26569378},
{"learn":[0.2989102068],"iteration":842,"passed_time":17.4225003,"remaining_time":3.244759843},
{"learn":[0.2988713518],"iteration":843,"passed_time":17.44090544,"remaining_time":3.223674464},
{"learn":[0.2988299502],"iteration":844,"passed_time":17.46034327,"remaining_time":3.20278486},
{"learn":[0.29880115],"iteration":845,"passed_time":17.47868591,"remaining_time":3.181699326},
{"learn":[0.2987998942],"iteration":846,"passed_time":17.49309322,"remaining_time":3.159909401},
{"learn":[0.2987733681],"iteration":847,"passed_time":17.51139189,"remaining_time":3.138834395},
{"learn":[0.2987292812],"iteration":848,"passed_time":17.53039644,"remaining_time":3.117891475},
{"learn":[0.2986973747],"iteration":849,"passed_time":17.55117076,"remaining_time":3.097265428},
{"learn":[0.2986655333],"iteration":850,"passed_time":17.57037725,"remaining_time":3.076364524},
{"learn":[0.2985989291],"iteration":851,"passed_time":17.58946168,"remaining_time":3.055446396},
{"learn":[0.2985420365],"iteration":852,"passed_time":17.60954185,"remaining_time":3.034704163},
{"learn":[0.2985144416],"iteration":853,"passed_time":17.62765117,"remaining_time":3.013626547},
{"learn":[0.2984737866],"iteration":854,"passed_time":17.64678436,"remaining_time":2.992729511},
{"learn":[0.2984310545],"iteration":855,"passed_time":17.66708453,"remaining_time":2.972032912},
{"learn":[0.2984088429],"iteration":856,"passed_time":17.68568576,"remaining_time":2.95105375},
{"learn":[0.2983644165],"iteration":857,"passed_time":17.70468515,"remaining_time":2.930146027},
{"learn":[0.2983287005],"iteration":858,"passed_time":17.72299579,"remaining_time":2.909129693},
{"learn":[0.2982967334],"iteration":859,"passed_time":17.74112398,"remaining_time":2.88808995},
{"learn":[0.2982341698],"iteration":860,"passed_time":17.76570501,"remaining_time":2.868098717},
{"learn":[0.2981853573],"iteration":861,"passed_time":17.78467251,"remaining_time":2.847198151},
{"learn":[0.2981309436],"iteration":862,"passed_time":17.80349906,"remaining_time":2.826279688},
{"learn":[0.2980982681],"iteration":863,"passed_time":17.82276029,"remaining_time":2.80543449},
{"learn":[0.2980699443],"iteration":864,"passed_time":17.84285869,"remaining_time":2.78472361},
{"learn":[0.2980208968],"iteration":865,"passed_time":17.8620777,"remaining_time":2.763878074},
{"learn":[0.2979703268],"iteration":866,"passed_time":17.88148656,"remaining_time":2.743065412},
{"learn":[0.2979241192],"iteration":867,"passed_time":17.90227415,"remaining_time":2.722465654},
{"learn":[0.2979084299],"iteration":868,"passed_time":17.91972002,"remaining_time":2.701361706},
{"learn":[0.2978747815],"iteration":869,"passed_time":17.93831666,"remaining_time":2.680438121},
{"learn":[0.2978229672],"iteration":870,"passed_time":17.95766198,"remaining_time":2.659630764},
{"learn":[0.2977793567],"iteration":871,"passed_time":17.97920462,"remaining_time":2.639149302},
{"learn":[0.2977354695],"iteration":872,"passed_time":17.99868097,"remaining_time":2.618364815},
{"learn":[0.2977064593],"iteration":873,"passed_time":18.01709434,"remaining_time":2.597430076},
{"learn":[0.2976566639],"iteration":874,"passed_time":18.03710198,"remaining_time":2.576728854},
{"learn":[0.2976112126],"iteration":875,"passed_time":18.05635328,"remaining_time":2.555922154},
{"learn":[0.2975701321],"iteration":876,"passed_time":18.07513194,"remaining_time":2.535052713},
{"learn":[0.2975362677],"iteration":877,"passed_time":18.09343011,"remaining_time":2.514121268},
{"learn":[0.2974953424],"iteration":878,"passed_time":18.11318501,"remaining_time":2.493396344},
{"learn":[0.2974666353],"iteration":879,"passed_time":18.13136313,"remaining_time":2.472458608},
{"learn":[0.2974306609],"iteration":880,"passed_time":18.1505878,"remaining_time":2.4516685},
{"learn":[0.297395008],"iteration":881,"passed_time":18.16950606,"remaining_time":2.430840947},
{"learn":[0.2973516769],"iteration":882,"passed_time":18.19429355,"remaining_time":2.410795409},
{"learn":[0.2973080171],"iteration":883,"passed_time":18.21298422,"remaining_time":2.389939106},
{"learn":[0.2972537574],"iteration":884,"passed_time":18.23232351,"remaining_time":2.369171982},
{"learn":[0.2972238595],"iteration":885,"passed_time":18.25087099,"remaining_time":2.3483062},
{"learn":[0.2971939051],"iteration":886,"passed_time":18.2689982,"remaining_time":2.327392105},
{"learn":[0.297140359],"iteration":887,"passed_time":18.28845917,"remaining_time":2.306652508},
{"learn":[0.2970899138],"iteration":888,"passed_time":18.30788762,"remaining_time":2.285911728},
{"learn":[0.2970581708],"iteration":889,"passed_time":18.32677398,"remaining_time":2.265106897},
{"learn":[0.2970317325],"iteration":890,"passed_time":18.34502066,"remaining_time":2.244228117},
{"learn":[0.2970021815],"iteration":891,"passed_time":18.36323957,"remaining_time":2.223351876},
{"learn":[0.2969624427],"iteration":892,"passed_time":18.38197594,"remaining_time":2.20254359},
{"learn":[0.2969111614],"iteration":893,"passed_time":18.40904159,"remaining_time":2.182727526},
{"learn":[0.2968927223],"iteration":894,"passed_time":18.42749656,"remaining_time":2.161885071},
{"learn":[0.296854189],"iteration":895,"passed_time":18.44646162,"remaining_time":2.141107152},
{"learn":[0.2967897487],"iteration":896,"passed_time":18.46690386,"remaining_time":2.120502896},
{"learn":[0.2967324045],"iteration":897,"passed_time":18.48689582,"remaining_time":2.099847855},
{"learn":[0.296685465],"iteration":898,"passed_time":18.50598952,"remaining_time":2.079093372},
{"learn":[0.2966343701],"iteration":899,"passed_time":18.52751981,"remaining_time":2.058613313},
{"learn":[0.2965899994],"iteration":900,"passed_time":18.54928267,"remaining_time":2.038156475},
{"learn":[0.2965565682],"iteration":901,"passed_time":18.56802583,"remaining_time":2.01736866},
{"learn":[0.2965157049],"iteration":902,"passed_time":18.5873507,"remaining_time":1.99664786},
{"learn":[0.296453483],"iteration":903,"passed_time":18.60680954,"remaining_time":1.975944376},
{"learn":[0.2964139227],"iteration":904,"passed_time":18.6279934,"remaining_time":1.955424722},
{"learn":[0.2963672551],"iteration":905,"passed_time":18.64689434,"remaining_time":1.934666742},
{"learn":[0.2963093094],"iteration":906,"passed_time":18.66582389,"remaining_time":1.913915791},
{"learn":[0.2962646297],"iteration":907,"passed_time":18.68495259,"remaining_time":1.893189029},
{"learn":[0.2961983844],"iteration":908,"passed_time":18.70448624,"remaining_time":1.872506324},
{"learn":[0.2961462871],"iteration":909,"passed_time":18.72381546,"remaining_time":1.851805925},
{"learn":[0.2961070625],"iteration":910,"passed_time":18.74261371,"remaining_time":1.831056663},
{"learn":[0.2960576907],"iteration":911,"passed_time":18.76262101,"remaining_time":1.810428343},
{"learn":[0.2960560365],"iteration":912,"passed_time":18.77834731,"remaining_time":1.789393446},
{"learn":[0.296005964],"iteration":913,"passed_time":18.7977312,"remaining_time":1.768714314},
{"learn":[0.2959519847],"iteration":914,"passed_time":18.81812752,"remaining_time":1.748132064},
{"learn":[0.2959103563],"iteration":915,"passed_time":18.84253017,"remaining_time":1.727917614},
{"learn":[0.2958821622],"iteration":916,"passed_time":18.8606051,"remaining_time":1.70712129},
{"learn":[0.2958343329],"iteration":917,"passed_time":18.87927372,"remaining_time":1.686383927},
{"learn":[0.295784339],"iteration":918,"passed_time":18.8976875,"remaining_time":1.665628605},
{"learn":[0.2957508684],"iteration":919,"passed_time":18.91511858,"remaining_time":1.64479292},
{"learn":[0.2957043644],"iteration":920,"passed_time":18.93335406,"remaining_time":1.624033628},
{"learn":[0.2956645492],"iteration":921,"passed_time":18.95249275,"remaining_time":1.603356219},
{"learn":[0.2956167737],"iteration":922,"passed_time":18.97166252,"remaining_time":1.582684739},
{"learn":[0.2955867104],"iteration":923,"passed_time":18.98959916,"remaining_time":1.561915083},
{"learn":[0.2955531],"iteration":924,"passed_time":19.00830334,"remaining_time":1.541213784},
{"learn":[0.2955080821],"iteration":925,"passed_time":19.02720521,"remaining_time":1.520532597},
{"learn":[0.29547552],"iteration":926,"passed_time":19.05097019,"remaining_time":1.500238213},
{"learn":[0.2954423879],"iteration":927,"passed_time":19.06960958,"remaining_time":1.479538675},
{"learn":[0.2954042883],"iteration":928,"passed_time":19.08834511,"remaining_time":1.458850918},
{"learn":[0.2953650429],"iteration":929,"passed_time":19.10728555,"remaining_time":1.438182783},
{"learn":[0.2953327672],"iteration":930,"passed_time":19.12562744,"remaining_time":1.417474},
{"learn":[0.2952674527],"iteration":931,"passed_time":19.14586373,"remaining_time":1.396908512},
{"learn":[0.2952362007],"iteration":932,"passed_time":19.1642228,"remaining_time":1.376208926},
{"learn":[0.2952040065],"iteration":933,"passed_time":19.18332093,"remaining_time":1.355566576},
{"learn":[0.2951662612],"iteration":934,"passed_time":19.20170306,"remaining_time":1.334877753},
{"learn":[0.2951304792],"iteration":935,"passed_time":19.21995861,"remaining_time":1.314185204},
{"learn":[0.2950829601],"iteration":936,"passed_time":19.23898093,"remaining_time":1.293549412},
{"learn":[0.2950380846],"iteration":937,"passed_time":19.25975934,"remaining_time":1.273033133},
{"learn":[0.2950007641],"iteration":938,"passed_time":19.27836752,"remaining_time":1.252375313},
{"learn":[0.2949626752],"iteration":939,"passed_time":19.29787355,"remaining_time":1.231779163},
{"learn":[0.2949214151],"iteration":940,"passed_time":19.31664243,"remaining_time":1.211139111},
{"learn":[0.2948844616],"iteration":941,"passed_time":19.33611205,"remaining_time":1.190546177},
{"learn":[0.2948514438],"iteration":942,"passed_time":19.35422262,"remaining_time":1.169873478},
{"learn":[0.2948212132],"iteration":943,"passed_time":19.37224284,"remaining_time":1.149200846},
{"learn":[0.2947755459],"iteration":944,"passed_time":19.39174616,"remaining_time":1.128620147},
{"learn":[0.2947111892],"iteration":945,"passed_time":19.41103329,"remaining_time":1.108029384},
{"learn":[0.2946657804],"iteration":946,"passed_time":19.43037778,"remaining_time":1.087444585},
{"learn":[0.2946220033],"iteration":947,"passed_time":19.4499295,"remaining_time":1.06687377},
{"learn":[0.2945855024],"iteration":948,"passed_time":19.47320694,"remaining_time":1.046505325},
{"learn":[0.2945484032],"iteration":949,"passed_time":19.49226723,"remaining_time":1.025908802},
{"learn":[0.2945240627],"iteration":950,"passed_time":19.51176477,"remaining_time":1.005338038},
{"learn":[0.2944809815],"iteration":951,"passed_time":19.53098073,"remaining_time":0.9847553309},
{"learn":[0.2944189809],"iteration":952,"passed_time":19.55548811,"remaining_time":0.9644364545},
{"learn":[0.2943959271],"iteration":953,"passed_time":19.57398949,"remaining_time":0.9438191997},
{"learn":[0.2943397206],"iteration":954,"passed_time":19.59095349,"remaining_time":0.923133934},
{"learn":[0.2942755288],"iteration":955,"passed_time":19.61042121,"remaining_time":0.9025716873},
{"learn":[0.2942271919],"iteration":956,"passed_time":19.62973869,"remaining_time":0.8820049778},
{"learn":[0.294182634],"iteration":957,"passed_time":19.64921985,"remaining_time":0.8614480518},
{"learn":[0.2941440372],"iteration":958,"passed_time":19.66878154,"remaining_time":0.8408968125},
{"learn":[0.2941179869],"iteration":959,"passed_time":19.69413815,"remaining_time":0.8205890897},
{"learn":[0.2940927412],"iteration":960,"passed_time":19.71252318,"remaining_time":0.7999879336},
{"learn":[0.2940568157],"iteration":961,"passed_time":19.73048133,"remaining_time":0.7793745223},
{"learn":[0.2939932904],"iteration":962,"passed_time":19.75009785,"remaining_time":0.7588303433},
{"learn":[0.2939574156],"iteration":963,"passed_time":19.76840575,"remaining_time":0.738239219},
{"learn":[0.2939241913],"iteration":964,"passed_time":19.79273978,"remaining_time":0.7178713908},
{"learn":[0.2938816582],"iteration":965,"passed_time":19.81736152,"remaining_time":0.6975054778},
{"learn":[0.29383304],"iteration":966,"passed_time":19.83699222,"remaining_time":0.6769604377},
{"learn":[0.2938003734],"iteration":967,"passed_time":19.85609258,"remaining_time":0.6563997546},
{"learn":[0.2937612539],"iteration":968,"passed_time":19.87488563,"remaining_time":0.6358322544},
{"learn":[0.2937372801],"iteration":969,"passed_time":19.89806064,"remaining_time":0.6154039373},
{"learn":[0.2936849631],"iteration":970,"passed_time":19.92364599,"remaining_time":0.5950419504},
{"learn":[0.2936363502],"iteration":971,"passed_time":19.95052879,"remaining_time":0.5747065905},
{"learn":[0.2935820652],"iteration":972,"passed_time":19.97670449,"remaining_time":0.5543381512},
{"learn":[0.2935370672],"iteration":973,"passed_time":20.0015916,"remaining_time":0.5339233897},
{"learn":[0.2934943526],"iteration":974,"passed_time":20.02076344,"remaining_time":0.5133529087},
{"learn":[0.2934462792],"iteration":975,"passed_time":20.03995728,"remaining_time":0.4927858349},
{"learn":[0.2934421404],"iteration":976,"passed_time":20.05661694,"remaining_time":0.4721619135},
{"learn":[0.2933997884],"iteration":977,"passed_time":20.07615037,"remaining_time":0.4516107445},
{"learn":[0.2933608112],"iteration":978,"passed_time":20.09543399,"remaining_time":0.4310562959},
{"learn":[0.2933431957],"iteration":979,"passed_time":20.11579344,"remaining_time":0.4105263968},
{"learn":[0.2933139118],"iteration":980,"passed_time":20.13481126,"remaining_time":0.3899708602},
{"learn":[0.2932823087],"iteration":981,"passed_time":20.15311956,"remaining_time":0.3694054502},
{"learn":[0.2932430696],"iteration":982,"passed_time":20.17236693,"remaining_time":0.3488608727},
{"learn":[0.2932109319],"iteration":983,"passed_time":20.19129457,"remaining_time":0.3283137328},
{"learn":[0.2931706531],"iteration":984,"passed_time":20.21000531,"remaining_time":0.3077665783},
{"learn":[0.2931350291],"iteration":985,"passed_time":20.22821013,"remaining_time":0.2872159653},
{"learn":[0.2931056835],"iteration":986,"passed_time":20.24649455,"remaining_time":0.2666711541},
{"learn":[0.2930679041],"iteration":987,"passed_time":20.26495531,"remaining_time":0.2461330604},
{"learn":[0.2930329846],"iteration":988,"passed_time":20.28409016,"remaining_time":0.2256066651},
{"learn":[0.2929859666],"iteration":989,"passed_time":20.30394102,"remaining_time":0.2050903133},
{"learn":[0.2929661527],"iteration":990,"passed_time":20.32650101,"remaining_time":0.1845999083},
{"learn":[0.2929112111],"iteration":991,"passed_time":20.34582244,"remaining_time":0.1640792132},
{"learn":[0.2928829051],"iteration":992,"passed_time":20.36407876,"remaining_time":0.1435534253},
{"learn":[0.292840597],"iteration":993,"passed_time":20.38315964,"remaining_time":0.1230371809},
{"learn":[0.2928073679],"iteration":994,"passed_time":20.4023113,"remaining_time":0.1025241774},
{"learn":[0.2927605573],"iteration":995,"passed_time":20.42194184,"remaining_time":0.0820158307},
{"learn":[0.2927539229],"iteration":996,"passed_time":20.43910604,"remaining_time":0.06150182359},
{"learn":[0.2927151616],"iteration":997,"passed_time":20.45834722,"remaining_time":0.04099869182},
{"learn":[0.2926556515],"iteration":998,"passed_time":20.47728718,"remaining_time":0.02049778497},
{"learn":[0.292634444],"iteration":999,"passed_time":20.4958004,"remaining_time":0}
]}